Layer name, Layer Type, IFMAP Height, IFMAP Width, Filter Height, Filter Width, Channels, Num Filter, Stride H, Stride W, MAC Cycles,

AlphaGoZero,
Conv_3,	GEMM,	19,	19,	3,	3,	17,	256,	1,	1,	32,	
Res_conv1_4,	GEMM,	19,	19,	3,	3,	256,	256,	1,	1,	32,	
Res_conv2_5,	GEMM,	19,	19,	3,	3,	256,	256,	1,	1,	32,	
Res_conv1_6,	GEMM,	19,	19,	3,	3,	256,	256,	1,	1,	32,	
Res_conv2_7,	GEMM,	19,	19,	3,	3,	256,	256,	1,	1,	32,	
Res_conv1_8,	GEMM,	19,	19,	3,	3,	256,	256,	1,	1,	32,	
Res_conv2_9,	GEMM,	19,	19,	3,	3,	256,	256,	1,	1,	32,	
Res_conv1_10,	GEMM,	19,	19,	3,	3,	256,	256,	1,	1,	32,	
Res_conv2_11,	GEMM,	19,	19,	3,	3,	256,	256,	1,	1,	32,	
Res_conv1_12,	GEMM,	19,	19,	3,	3,	256,	256,	1,	1,	32,	
Res_conv2_13,	GEMM,	19,	19,	3,	3,	256,	256,	1,	1,	32,	
Res_conv1_14,	GEMM,	19,	19,	3,	3,	256,	256,	1,	1,	32,	
Res_conv2_15,	GEMM,	19,	19,	3,	3,	256,	256,	1,	1,	32,	
Res_conv1_16,	GEMM,	19,	19,	3,	3,	256,	256,	1,	1,	32,	
Res_conv2_17,	GEMM,	19,	19,	3,	3,	256,	256,	1,	1,	32,	
Res_conv1_18,	GEMM,	19,	19,	3,	3,	256,	256,	1,	1,	32,	
Res_conv2_19,	GEMM,	19,	19,	3,	3,	256,	256,	1,	1,	32,	
Res_conv1_20,	GEMM,	19,	19,	3,	3,	256,	256,	1,	1,	32,	
Res_conv2_21,	GEMM,	19,	19,	3,	3,	256,	256,	1,	1,	32,	
Res_conv1_22,	GEMM,	19,	19,	3,	3,	256,	256,	1,	1,	32,	
Res_conv2_23,	GEMM,	19,	19,	3,	3,	256,	256,	1,	1,	32,	
Res_conv1_24,	GEMM,	19,	19,	3,	3,	256,	256,	1,	1,	32,	
Res_conv2_25,	GEMM,	19,	19,	3,	3,	256,	256,	1,	1,	32,	
Res_conv1_26,	GEMM,	19,	19,	3,	3,	256,	256,	1,	1,	32,	
Res_conv2_27,	GEMM,	19,	19,	3,	3,	256,	256,	1,	1,	32,	
Res_conv1_28,	GEMM,	19,	19,	3,	3,	256,	256,	1,	1,	32,	
Res_conv2_29,	GEMM,	19,	19,	3,	3,	256,	256,	1,	1,	32,	
Res_conv1_30,	GEMM,	19,	19,	3,	3,	256,	256,	1,	1,	32,	
Res_conv2_31,	GEMM,	19,	19,	3,	3,	256,	256,	1,	1,	32,	
Res_conv1_32,	GEMM,	19,	19,	3,	3,	256,	256,	1,	1,	32,	
Res_conv2_33,	GEMM,	19,	19,	3,	3,	256,	256,	1,	1,	32,	
Res_conv1_34,	GEMM,	19,	19,	3,	3,	256,	256,	1,	1,	32,	
Res_conv2_35,	GEMM,	19,	19,	3,	3,	256,	256,	1,	1,	32,	
Res_conv1_36,	GEMM,	19,	19,	3,	3,	256,	256,	1,	1,	32,	
Res_conv2_37,	GEMM,	19,	19,	3,	3,	256,	256,	1,	1,	32,	
Res_conv1_38,	GEMM,	19,	19,	3,	3,	256,	256,	1,	1,	32,	
Res_conv2_39,	GEMM,	19,	19,	3,	3,	256,	256,	1,	1,	32,	
Res_conv1_40,	GEMM,	19,	19,	3,	3,	256,	256,	1,	1,	32,	
Res_conv2_41,	GEMM,	19,	19,	3,	3,	256,	256,	1,	1,	32,	
Res_conv1_42,	GEMM,	19,	19,	3,	3,	256,	256,	1,	1,	32,	
Res_conv2_43,	GEMM,	19,	19,	3,	3,	256,	256,	1,	1,	32,	
ValueHead_conv_44,	GEMM,	19,	19,	1,	1,	256,	1,	1,	1,	32,	
ValueHead_FC1_45,	GEMM,	1,	1,	1,	1,	361,	256,	1,	1,	32,	
ValueHead_FC2_46,	GEMM,	1,	1,	1,	1,	256,	1,	1,	1,	32,	
PolicyHead_Conv_47,	GEMM,	19,	19,	1,	1,	256,	2,	1,	1,	32,	
PolidyHead_FC_48,	GEMM,	1,	1,	1,	1,	722,	362,	1,	1,	32,	

Alexnet,
Conv1_51,	GEMM,	227,	227,	11,	11,	3,	64,	4,	4,	32,	
Conv2_52,	GEMM,	27,	27,	5,	5,	64,	192,	1,	1,	32,	
Conv3_53,	GEMM,	13,	13,	3,	3,	192,	384,	1,	1,	32,	
Conv4_54,	GEMM,	13,	13,	3,	3,	384,	256,	1,	1,	32,	
Conv5_55,	GEMM,	13,	13,	3,	3,	256,	256,	1,	1,	32,	
FC6_56,	GEMM,	6,	6,	6,	6,	256,	4096,	1,	1,	32,	
FC7_57,	GEMM,	1,	4096,	1,	4096,	1,	4096,	1,	1,	32,	
FC8_58,	GEMM,	1,	4096,	1,	4096,	1,	1000,	1,	1,	32,	

Googlenet,
Conv1_61,	GEMM,	224,	224,	7,	7,	3,	64,	2,	2,	32,	
Conv2red_62,	GEMM,	56,	56,	1,	1,	64,	64,	1,	1,	32,	
Conv2_63,	GEMM,	56,	56,	3,	3,	64,	192,	1,	1,	32,	
Inc3a_1x1_64,	GEMM,	28,	28,	1,	1,	192,	64,	1,	1,	32,	
Inc3a_3x3red_65,	GEMM,	28,	28,	1,	1,	192,	96,	1,	1,	32,	
Inc3a_3x3_66,	GEMM,	28,	28,	3,	3,	96,	128,	1,	1,	32,	
Inc3a_5x5red_67,	GEMM,	28,	28,	1,	1,	192,	16,	1,	1,	32,	
Inc3a_5x5_68,	GEMM,	28,	28,	5,	5,	16,	32,	1,	1,	32,	
Inc3a_pp_69,	GEMM,	28,	28,	1,	1,	192,	32,	1,	1,	32,	
Inc3b_1x1_70,	GEMM,	28,	28,	1,	1,	256,	128,	1,	1,	32,	
Inc3b_3x3red_71,	GEMM,	28,	28,	1,	1,	256,	128,	1,	1,	32,	
Inc3b_3x3_72,	GEMM,	28,	28,	3,	3,	128,	192,	1,	1,	32,	
Inc3b_5x5red_73,	GEMM,	28,	28,	1,	1,	256,	32,	1,	1,	32,	
Inc3b_5x5_74,	GEMM,	28,	28,	5,	5,	32,	96,	1,	1,	32,	
Inc3b_pp_75,	GEMM,	28,	28,	1,	1,	256,	64,	1,	1,	32,	
Inc4a_1x1_76,	GEMM,	14,	14,	1,	1,	480,	192,	1,	1,	32,	
Inc4a_3x3red_77,	GEMM,	14,	14,	1,	1,	480,	96,	1,	1,	32,	
Inc4a_3x3_78,	GEMM,	14,	14,	3,	3,	96,	208,	1,	1,	32,	
Inc4a_5x5red_79,	GEMM,	14,	14,	1,	1,	480,	16,	1,	1,	32,	
Inc4a_5x5_80,	GEMM,	14,	14,	5,	5,	16,	48,	1,	1,	32,	
Inc4a_pp_81,	GEMM,	14,	14,	1,	1,	480,	64,	1,	1,	32,	
Inc4b_1x1_82,	GEMM,	14,	14,	1,	1,	512,	160,	1,	1,	32,	
Inc4b_3x3red_83,	GEMM,	14,	14,	1,	1,	512,	112,	1,	1,	32,	
Inc4b_3x3_84,	GEMM,	14,	14,	3,	3,	112,	224,	1,	1,	32,	
Inc4b_5x5red_85,	GEMM,	14,	14,	1,	1,	512,	24,	1,	1,	32,	
Inc4b_5x5_86,	GEMM,	14,	14,	5,	5,	24,	64,	1,	1,	32,	
Inc4b_pp_87,	GEMM,	14,	14,	1,	1,	512,	64,	1,	1,	32,	
Inc4c_1x1_88,	GEMM,	14,	14,	1,	1,	512,	128,	1,	1,	32,	
Inc4c_3x3red_89,	GEMM,	14,	14,	1,	1,	512,	128,	1,	1,	32,	
Inc4c_3x3_90,	GEMM,	14,	14,	3,	3,	128,	256,	1,	1,	32,	
Inc4c_5x5red_91,	GEMM,	14,	14,	1,	1,	512,	24,	1,	1,	32,	
Inc4c_5x5_92,	GEMM,	14,	14,	1,	1,	24,	64,	1,	1,	32,	
Inc4c_pp_93,	GEMM,	14,	14,	1,	1,	512,	64,	1,	1,	32,	
Inc4d_1x1_94,	GEMM,	14,	14,	1,	1,	512,	112,	1,	1,	32,	
Inc4d_3x3red_95,	GEMM,	14,	14,	1,	1,	512,	144,	1,	1,	32,	
Inc4d_3x3_96,	GEMM,	14,	14,	3,	3,	144,	288,	1,	1,	32,	
Inc4d_5x5red_97,	GEMM,	14,	14,	1,	1,	512,	32,	1,	1,	32,	
Inc4d_5x5_98,	GEMM,	14,	14,	5,	5,	32,	64,	1,	1,	32,	
Inc4d_pp_99,	GEMM,	14,	14,	1,	1,	512,	64,	1,	1,	32,	
Inc4e_1x1_100,	GEMM,	14,	14,	1,	1,	528,	256,	1,	1,	32,	
Inc4e_3x3red_101,	GEMM,	14,	14,	1,	1,	528,	160,	1,	1,	32,	
Inc4e_3x3_102,	GEMM,	14,	14,	3,	3,	160,	320,	1,	1,	32,	
Inc4e_5x5red_103,	GEMM,	14,	14,	1,	1,	528,	32,	1,	1,	32,	
Inc4e_5x5_104,	GEMM,	14,	14,	5,	5,	32,	128,	1,	1,	32,	
Inc4e_pp_105,	GEMM,	14,	14,	1,	1,	528,	128,	1,	1,	32,	
Inc5a_1x1_106,	GEMM,	7,	7,	1,	1,	832,	256,	1,	1,	32,	
Inc5a_3x3red_107,	GEMM,	7,	7,	1,	1,	532,	160,	1,	1,	32,	
Inc5a_3x3_108,	GEMM,	7,	7,	3,	3,	160,	320,	1,	1,	32,	
Inc5a_5x5red_109,	GEMM,	7,	7,	1,	1,	832,	32,	1,	1,	32,	
Inc5a_5x5_110,	GEMM,	7,	7,	5,	5,	32,	128,	1,	1,	32,	
Inc5a_pp_111,	GEMM,	7,	7,	1,	1,	832,	128,	1,	1,	32,	
Inc5b_1x1_112,	GEMM,	7,	7,	1,	1,	832,	384,	1,	1,	32,	
Inc5b_3x3red_113,	GEMM,	7,	7,	1,	1,	832,	192,	1,	1,	32,	
Inc5b_3x3_114,	GEMM,	7,	7,	3,	3,	192,	384,	1,	1,	32,	
Inc5b_5x5red_115,	GEMM,	7,	7,	1,	1,	832,	48,	1,	1,	32,	
Inc5b_5x5_116,	GEMM,	7,	7,	5,	5,	32,	128,	1,	1,	32,	
Inc5b_pp_117,	GEMM,	7,	7,	1,	1,	832,	128,	1,	1,	32,	
FC6_118,	GEMM,	1,	1,	1,	1,	1024,	1000,	1,	1,	32,	

Neural Collaborative Filtering(Recommendation),
MF_Embedding_user_121,	GEMM,	1,	1,	1,	1,	138000,	8,	1,	1,	32,	
MF_Embedding_item_122,	GEMM,	1,	1,	1,	1,	138000,	8,	1,	1,	32,	
MLP_Embedding_user_123,	GEMM,	1,	1,	1,	1,	138000,	32,	1,	1,	32,	
MLP_Embedding_item_124,	GEMM,	1,	1,	1,	1,	138000,	32,	1,	1,	32,	
MLP_FC1_125,	GEMM,	1,	1,	1,	1,	64,	32,	1,	1,	32,	
MLP_FC2_126,	GEMM,	1,	1,	1,	1,	32,	16,	1,	1,	32,	
MLP_FC3_127,	GEMM,	1,	1,	1,	1,	16,	8,	1,	1,	32,	
Predict_FC_128,	GEMM,	1,	1,	1,	1,	16,	1,	1,	1,	32,	

Resnet50,
Conv1_131,	GEMM,	224,	224,	7,	7,	3,	64,	2,	2,	32,	
CB2a_1_132,	GEMM,	56,	56,	1,	1,	64,	64,	1,	1,	32,	
CB2a_2_133,	GEMM,	56,	56,	3,	3,	64,	64,	1,	1,	32,	
CB2a_3_134,	GEMM,	56,	56,	1,	1,	64,	256,	1,	1,	32,	
CB2s_135,	GEMM,	56,	56,	1,	1,	64,	256,	1,	1,	32,	
IB2b_1_136,	GEMM,	56,	56,	1,	1,	256,	64,	1,	1,	32,	
IB2b_2_137,	GEMM,	56,	56,	3,	3,	64,	64,	1,	1,	32,	
IB2b_3_138,	GEMM,	56,	56,	1,	1,	64,	256,	1,	1,	32,	
IB2c_1_139,	GEMM,	56,	56,	1,	1,	256,	64,	1,	1,	32,	
IB2c_2_140,	GEMM,	56,	56,	3,	3,	64,	64,	1,	1,	32,	
IB2c_3_141,	GEMM,	56,	56,	1,	1,	64,	256,	1,	1,	32,	
CB3a_1_142,	GEMM,	56,	56,	1,	1,	256,	128,	2,	2,	32,	
CB3a_2_143,	GEMM,	28,	28,	3,	3,	128,	128,	1,	1,	32,	
CB3a_3_144,	GEMM,	28,	28,	1,	1,	128,	512,	1,	1,	32,	
CB3s_145,	GEMM,	56,	56,	1,	1,	256,	512,	2,	2,	32,	
IB3b_1_146,	GEMM,	28,	28,	1,	1,	512,	128,	1,	1,	32,	
IB3b_2_147,	GEMM,	28,	28,	3,	3,	128,	128,	1,	1,	32,	
IB3b_3_148,	GEMM,	28,	28,	1,	1,	128,	512,	1,	1,	32,	
IB3c_1_149,	GEMM,	28,	28,	1,	1,	512,	128,	1,	1,	32,	
IB3c_2_150,	GEMM,	28,	28,	3,	3,	128,	128,	1,	1,	32,	
IB3c_3_151,	GEMM,	28,	28,	1,	1,	128,	512,	1,	1,	32,	
IB3d_1_152,	GEMM,	28,	28,	1,	1,	512,	128,	1,	1,	32,	
IB3d_2_153,	GEMM,	28,	28,	3,	3,	128,	128,	1,	1,	32,	
IB3d_3_154,	GEMM,	28,	28,	1,	1,	128,	512,	1,	1,	32,	
CB4a_1_155,	GEMM,	28,	28,	1,	1,	512,	256,	2,	2,	32,	
CB4a_2_156,	GEMM,	14,	14,	3,	3,	256,	256,	1,	1,	32,	
CB4a_3_157,	GEMM,	14,	14,	1,	1,	256,	1024,	1,	1,	32,	
CB4s_158,	GEMM,	28,	28,	1,	1,	512,	1024,	2,	2,	32,	
IB4b_1_159,	GEMM,	14,	14,	1,	1,	1024,	256,	1,	1,	32,	
IB4b_2_160,	GEMM,	14,	14,	3,	3,	256,	256,	1,	1,	32,	
IB4b_3_161,	GEMM,	14,	14,	1,	1,	256,	1024,	1,	1,	32,	
IB4c_1_162,	GEMM,	14,	14,	1,	1,	1024,	256,	1,	1,	32,	
IB4c_2_163,	GEMM,	14,	14,	3,	3,	256,	256,	1,	1,	32,	
IB4c_3_164,	GEMM,	14,	14,	1,	1,	256,	1024,	1,	1,	32,	
IB4d_1_165,	GEMM,	14,	14,	1,	1,	1024,	256,	1,	1,	32,	
IB4d_2_166,	GEMM,	14,	14,	3,	3,	256,	256,	1,	1,	32,	
IB4d_3_167,	GEMM,	14,	14,	1,	1,	256,	1024,	1,	1,	32,	
IB4e_1_168,	GEMM,	14,	14,	1,	1,	1024,	256,	1,	1,	32,	
IB4e_2_169,	GEMM,	14,	14,	3,	3,	256,	256,	1,	1,	32,	
IB4e_3_170,	GEMM,	14,	14,	1,	1,	256,	1024,	1,	1,	32,	
IB4f_1_171,	GEMM,	14,	14,	1,	1,	1024,	256,	1,	1,	32,	
IB4f_2_172,	GEMM,	14,	14,	3,	3,	256,	256,	1,	1,	32,	
IB4f_3_173,	GEMM,	14,	14,	1,	1,	256,	1024,	1,	1,	32,	
CB5a_1_174,	GEMM,	14,	14,	1,	1,	1024,	512,	2,	2,	32,	
CB5a_2_175,	GEMM,	7,	7,	3,	3,	512,	512,	1,	1,	32,	
CB5a_3_176,	GEMM,	7,	7,	1,	1,	512,	2048,	1,	1,	32,	
CB5s_177,	GEMM,	14,	14,	1,	1,	1024,	2048,	2,	2,	32,	
IB5b_1_178,	GEMM,	7,	7,	1,	1,	2048,	512,	1,	1,	32,	
IB5b_2_179,	GEMM,	7,	7,	3,	3,	512,	512,	1,	1,	32,	
IB5b_3_180,	GEMM,	7,	7,	1,	1,	512,	2048,	1,	1,	32,	
IB5c_1_181,	GEMM,	7,	7,	1,	1,	2048,	512,	1,	1,	32,	
IB5c_2_182,	GEMM,	7,	7,	3,	3,	512,	512,	1,	1,	32,	
IB5c_3_183,	GEMM,	7,	7,	1,	1,	512,	2048,	1,	1,	32,	
FC6_184,	GEMM,	1,	1,	1,	1,	2048,	1000,	1,	1,	32,	

Sentimental_seqCNN,
Embedding Layer_187,	GEMM,	1024,	1,	1,	1,	30000,	5,	1,	1,	32,	
Conv_188,	GEMM,	5,	1024,	3,	3,	1,	1024,	1,	1,	32,	
Conv_189,	GEMM,	5,	1024,	3,	3,	1,	1024,	1,	1,	32,	
FC_190,	GEMM,	1,	1,	1,	1,	2048,	2,	1,	1,	32,	

Sentimental_seqLSTM,
Embedding_layer_193,	GEMM,	1,	256,	1,	1,	30000,	1,	1,	1,	32,	
FC_194,	GEMM,	1,	1,	1,	1,	256,	1024,	1,	1,	32,	
LSTM1_igate_h_195,	GEMM,	1,	1,	1,	1,	1024,	1024,	1,	1,	32,	
LSTM1_igate_x_196,	GEMM,	1,	1,	1,	1,	1024,	1024,	1,	1,	32,	
LSTM1_fgate_h_197,	GEMM,	1,	1,	1,	1,	1024,	1024,	1,	1,	32,	
LSTM1_fgate_x_198,	GEMM,	1,	1,	1,	1,	1024,	1024,	1,	1,	32,	
LSTM1_cgate_h_199,	GEMM,	1,	1,	1,	1,	1024,	1024,	1,	1,	32,	
LSTM1_cgate_x_200,	GEMM,	1,	1,	1,	1,	1024,	1024,	1,	1,	32,	
LSTM1_ogate_h_201,	GEMM,	1,	1,	1,	1,	1024,	1024,	1,	1,	32,	
LSTM1_ogate_x_202,	GEMM,	1,	1,	1,	1,	1024,	1024,	1,	1,	32,	
LSTM1_ptwise1_203,	GEMM,	1,	1,	1,	1,	1024,	1,	1,	1,	32,	
LSTM1_ptwise2_204,	GEMM,	1,	1,	1,	1,	1024,	1,	1,	1,	32,	
LSTM1_ptwise3_205,	GEMM,	1,	1,	1,	1,	1024,	1,	1,	1,	32,	
FC_206,	GEMM,	1,	1,	1,	1,	2048,	1024,	1,	1,	32,	
LSTM2_igate_h_207,	GEMM,	1,	1,	1,	1,	1024,	1024,	1,	1,	32,	
LSTM2_igate_x_208,	GEMM,	1,	1,	1,	1,	1024,	1024,	1,	1,	32,	
LSTM2_fgate_h_209,	GEMM,	1,	1,	1,	1,	1024,	1024,	1,	1,	32,	
LSTM2_fgate_x_210,	GEMM,	1,	1,	1,	1,	1024,	1024,	1,	1,	32,	
LSTM2_cgate_h_211,	GEMM,	1,	1,	1,	1,	1024,	1024,	1,	1,	32,	
LSTM2_cgate_x_212,	GEMM,	1,	1,	1,	1,	1024,	1024,	1,	1,	32,	
LSTM2_ogate_h_213,	GEMM,	1,	1,	1,	1,	1024,	1024,	1,	1,	32,	
LSTM2_ogate_x_214,	GEMM,	1,	1,	1,	1,	1024,	1024,	1,	1,	32,	
LSTM2_ptwise1_215,	GEMM,	1,	1,	1,	1,	1024,	1,	1,	1,	32,	
LSTM2_ptwise2_216,	GEMM,	1,	1,	1,	1,	1024,	1,	1,	1,	32,	
LSTM2_ptwise3_217,	GEMM,	1,	1,	1,	1,	1024,	1,	1,	1,	32,	
FC, 1, 1, 1, ,1 2, 2, 1,


Transformer,
Embedding_222,	GEMM,	512,	1,	1,	1,	1,	33708,	1,	1,	32,	
Attn_Xmap_223,	GEMM,	1,	1,	1,	1,	512,	64,	1,	1,	32,	
Attn_Kmap_224,	GEMM,	1,	1,	1,	1,	512,	64,	1,	1,	32,	
Attn_Qmap_225,	GEMM,	1,	1,	1,	1,	512,	64,	1,	1,	32,	
Attn_QxK'_226,	GEMM,	1,	64,	1,	1,	1,	64,	1,	1,	32,	
Attn_SFMXxV_227,	GEMM,	1,	64,	1,	1,	64,	1,	1,	1,	32,	
Attn_Concat_map_228,	GEMM,	1,	1,	1,	1,	512,	512,	1,	1,	32,	
Attn_Xmap_229,	GEMM,	1,	1,	1,	1,	512,	64,	1,	1,	32,	
Attn_Kmap_230,	GEMM,	1,	1,	1,	1,	512,	64,	1,	1,	32,	
Attn_Qmap_231,	GEMM,	1,	1,	1,	1,	512,	64,	1,	1,	32,	
Attn_QxK'_232,	GEMM,	1,	64,	1,	1,	1,	64,	1,	1,	32,	
Attn_SFMXxV_233,	GEMM,	1,	64,	1,	1,	64,	1,	1,	1,	32,	
Attn_Concat_map_234,	GEMM,	1,	1,	1,	1,	512,	512,	1,	1,	32,	
Attn_Xmap_235,	GEMM,	1,	1,	1,	1,	512,	64,	1,	1,	32,	
Attn_Kmap_236,	GEMM,	1,	1,	1,	1,	512,	64,	1,	1,	32,	
Attn_Qmap_237,	GEMM,	1,	1,	1,	1,	512,	64,	1,	1,	32,	
Attn_QxK'_238,	GEMM,	1,	64,	1,	1,	1,	64,	1,	1,	32,	
Attn_SFMXxV_239,	GEMM,	1,	64,	1,	1,	64,	1,	1,	1,	32,	
Attn_Concat_map_240,	GEMM,	1,	1,	1,	1,	512,	512,	1,	1,	32,	
Attn_Xmap_241,	GEMM,	1,	1,	1,	1,	512,	64,	1,	1,	32,	
Attn_Kmap_242,	GEMM,	1,	1,	1,	1,	512,	64,	1,	1,	32,	
Attn_Qmap_243,	GEMM,	1,	1,	1,	1,	512,	64,	1,	1,	32,	
Attn_QxK'_244,	GEMM,	1,	64,	1,	1,	1,	64,	1,	1,	32,	
Attn_SFMXxV_245,	GEMM,	1,	64,	1,	1,	64,	1,	1,	1,	32,	
Attn_Concat_map_246,	GEMM,	1,	1,	1,	1,	512,	512,	1,	1,	32,	
Attn_Xmap_247,	GEMM,	1,	1,	1,	1,	512,	64,	1,	1,	32,	
Attn_Kmap_248,	GEMM,	1,	1,	1,	1,	512,	64,	1,	1,	32,	
Attn_Qmap_249,	GEMM,	1,	1,	1,	1,	512,	64,	1,	1,	32,	
Attn_QxK'_250,	GEMM,	1,	64,	1,	1,	1,	64,	1,	1,	32,	
Attn_SFMXxV_251,	GEMM,	1,	64,	1,	1,	64,	1,	1,	1,	32,	
Attn_Concat_map_252,	GEMM,	1,	1,	1,	1,	512,	512,	1,	1,	32,	
Attn_Xmap_253,	GEMM,	1,	1,	1,	1,	512,	64,	1,	1,	32,	
Attn_Kmap_254,	GEMM,	1,	1,	1,	1,	512,	64,	1,	1,	32,	
Attn_Qmap_255,	GEMM,	1,	1,	1,	1,	512,	64,	1,	1,	32,	
Attn_QxK'_256,	GEMM,	1,	64,	1,	1,	1,	64,	1,	1,	32,	
Attn_SFMXxV_257,	GEMM,	1,	64,	1,	1,	64,	1,	1,	1,	32,	
Attn_Concat_map_258,	GEMM,	1,	1,	1,	1,	512,	512,	1,	1,	32,	
Attn_Xmap_259,	GEMM,	1,	1,	1,	1,	512,	64,	1,	1,	32,	
Attn_Kmap_260,	GEMM,	1,	1,	1,	1,	512,	64,	1,	1,	32,	
Attn_Qmap_261,	GEMM,	1,	1,	1,	1,	512,	64,	1,	1,	32,	
Attn_QxK'_262,	GEMM,	1,	64,	1,	1,	1,	64,	1,	1,	32,	
Attn_SFMXxV_263,	GEMM,	1,	64,	1,	1,	64,	1,	1,	1,	32,	
Attn_Concat_map_264,	GEMM,	1,	1,	1,	1,	512,	512,	1,	1,	32,	
Attn_Xmap_265,	GEMM,	1,	1,	1,	1,	512,	64,	1,	1,	32,	
Attn_Kmap_266,	GEMM,	1,	1,	1,	1,	512,	64,	1,	1,	32,	
Attn_Qmap_267,	GEMM,	1,	1,	1,	1,	512,	64,	1,	1,	32,	
Attn_QxK'_268,	GEMM,	1,	64,	1,	1,	1,	64,	1,	1,	32,	
Attn_SFMXxV_269,	GEMM,	1,	64,	1,	1,	64,	1,	1,	1,	32,	
Attn_Concat_map_270,	GEMM,	1,	1,	1,	1,	512,	512,	1,	1,	32,	
FFN1_271,	GEMM,	1,	1,	1,	1,	512,	2048,	1,	1,	32,	
FFN2_272,	GEMM,	1,	1,	1,	1,	2048,	512,	1,	1,	32,	
Attn_Xmap_273,	GEMM,	1,	1,	1,	1,	512,	64,	1,	1,	32,	
Attn_Kmap_274,	GEMM,	1,	1,	1,	1,	512,	64,	1,	1,	32,	
Attn_Qmap_275,	GEMM,	1,	1,	1,	1,	512,	64,	1,	1,	32,	
Attn_QxK'_276,	GEMM,	1,	64,	1,	1,	1,	64,	1,	1,	32,	
Attn_SFMXxV_277,	GEMM,	1,	64,	1,	1,	64,	1,	1,	1,	32,	
Attn_Concat_map_278,	GEMM,	1,	1,	1,	1,	512,	512,	1,	1,	32,	
Attn_Xmap_279,	GEMM,	1,	1,	1,	1,	512,	64,	1,	1,	32,	
Attn_Kmap_280,	GEMM,	1,	1,	1,	1,	512,	64,	1,	1,	32,	
Attn_Qmap_281,	GEMM,	1,	1,	1,	1,	512,	64,	1,	1,	32,	
Attn_QxK'_282,	GEMM,	1,	64,	1,	1,	1,	64,	1,	1,	32,	
Attn_SFMXxV_283,	GEMM,	1,	64,	1,	1,	64,	1,	1,	1,	32,	
Attn_Concat_map_284,	GEMM,	1,	1,	1,	1,	512,	512,	1,	1,	32,	
Attn_Xmap_285,	GEMM,	1,	1,	1,	1,	512,	64,	1,	1,	32,	
Attn_Kmap_286,	GEMM,	1,	1,	1,	1,	512,	64,	1,	1,	32,	
Attn_Qmap_287,	GEMM,	1,	1,	1,	1,	512,	64,	1,	1,	32,	
Attn_QxK'_288,	GEMM,	1,	64,	1,	1,	1,	64,	1,	1,	32,	
Attn_SFMXxV_289,	GEMM,	1,	64,	1,	1,	64,	1,	1,	1,	32,	
Attn_Concat_map_290,	GEMM,	1,	1,	1,	1,	512,	512,	1,	1,	32,	
Attn_Xmap_291,	GEMM,	1,	1,	1,	1,	512,	64,	1,	1,	32,	
Attn_Kmap_292,	GEMM,	1,	1,	1,	1,	512,	64,	1,	1,	32,	
Attn_Qmap_293,	GEMM,	1,	1,	1,	1,	512,	64,	1,	1,	32,	
Attn_QxK'_294,	GEMM,	1,	64,	1,	1,	1,	64,	1,	1,	32,	
Attn_SFMXxV_295,	GEMM,	1,	64,	1,	1,	64,	1,	1,	1,	32,	
Attn_Concat_map_296,	GEMM,	1,	1,	1,	1,	512,	512,	1,	1,	32,	
Attn_Xmap_297,	GEMM,	1,	1,	1,	1,	512,	64,	1,	1,	32,	
Attn_Kmap_298,	GEMM,	1,	1,	1,	1,	512,	64,	1,	1,	32,	
Attn_Qmap_299,	GEMM,	1,	1,	1,	1,	512,	64,	1,	1,	32,	
Attn_QxK'_300,	GEMM,	1,	64,	1,	1,	1,	64,	1,	1,	32,	
Attn_SFMXxV_301,	GEMM,	1,	64,	1,	1,	64,	1,	1,	1,	32,	
Attn_Concat_map_302,	GEMM,	1,	1,	1,	1,	512,	512,	1,	1,	32,	
Attn_Xmap_303,	GEMM,	1,	1,	1,	1,	512,	64,	1,	1,	32,	
Attn_Kmap_304,	GEMM,	1,	1,	1,	1,	512,	64,	1,	1,	32,	
Attn_Qmap_305,	GEMM,	1,	1,	1,	1,	512,	64,	1,	1,	32,	
Attn_QxK'_306,	GEMM,	1,	64,	1,	1,	1,	64,	1,	1,	32,	
Attn_SFMXxV_307,	GEMM,	1,	64,	1,	1,	64,	1,	1,	1,	32,	
Attn_Concat_map_308,	GEMM,	1,	1,	1,	1,	512,	512,	1,	1,	32,	
Attn_Xmap_309,	GEMM,	1,	1,	1,	1,	512,	64,	1,	1,	32,	
Attn_Kmap_310,	GEMM,	1,	1,	1,	1,	512,	64,	1,	1,	32,	
Attn_Qmap_311,	GEMM,	1,	1,	1,	1,	512,	64,	1,	1,	32,	
Attn_QxK'_312,	GEMM,	1,	64,	1,	1,	1,	64,	1,	1,	32,	
Attn_SFMXxV_313,	GEMM,	1,	64,	1,	1,	64,	1,	1,	1,	32,	
Attn_Concat_map_314,	GEMM,	1,	1,	1,	1,	512,	512,	1,	1,	32,	
Attn_Xmap_315,	GEMM,	1,	1,	1,	1,	512,	64,	1,	1,	32,	
Attn_Kmap_316,	GEMM,	1,	1,	1,	1,	512,	64,	1,	1,	32,	
Attn_Qmap_317,	GEMM,	1,	1,	1,	1,	512,	64,	1,	1,	32,	
Attn_QxK'_318,	GEMM,	1,	64,	1,	1,	1,	64,	1,	1,	32,	
Attn_SFMXxV_319,	GEMM,	1,	64,	1,	1,	64,	1,	1,	1,	32,	
Attn_Concat_map_320,	GEMM,	1,	1,	1,	1,	512,	512,	1,	1,	32,	
FFN1_321,	GEMM,	1,	1,	1,	1,	512,	2048,	1,	1,	32,	
FFN2_322,	GEMM,	1,	1,	1,	1,	2048,	512,	1,	1,	32,	
Attn_Xmap_323,	GEMM,	1,	1,	1,	1,	512,	64,	1,	1,	32,	
Attn_Kmap_324,	GEMM,	1,	1,	1,	1,	512,	64,	1,	1,	32,	
Attn_Qmap_325,	GEMM,	1,	1,	1,	1,	512,	64,	1,	1,	32,	
Attn_QxK'_326,	GEMM,	1,	64,	1,	1,	1,	64,	1,	1,	32,	
Attn_SFMXxV_327,	GEMM,	1,	64,	1,	1,	64,	1,	1,	1,	32,	
Attn_Concat_map_328,	GEMM,	1,	1,	1,	1,	512,	512,	1,	1,	32,	
Attn_Xmap_329,	GEMM,	1,	1,	1,	1,	512,	64,	1,	1,	32,	
Attn_Kmap_330,	GEMM,	1,	1,	1,	1,	512,	64,	1,	1,	32,	
Attn_Qmap_331,	GEMM,	1,	1,	1,	1,	512,	64,	1,	1,	32,	
Attn_QxK'_332,	GEMM,	1,	64,	1,	1,	1,	64,	1,	1,	32,	
Attn_SFMXxV_333,	GEMM,	1,	64,	1,	1,	64,	1,	1,	1,	32,	
Attn_Concat_map_334,	GEMM,	1,	1,	1,	1,	512,	512,	1,	1,	32,	
Attn_Xmap_335,	GEMM,	1,	1,	1,	1,	512,	64,	1,	1,	32,	
Attn_Kmap_336,	GEMM,	1,	1,	1,	1,	512,	64,	1,	1,	32,	
Attn_Qmap_337,	GEMM,	1,	1,	1,	1,	512,	64,	1,	1,	32,	
Attn_QxK'_338,	GEMM,	1,	64,	1,	1,	1,	64,	1,	1,	32,	
Attn_SFMXxV_339,	GEMM,	1,	64,	1,	1,	64,	1,	1,	1,	32,	
Attn_Concat_map_340,	GEMM,	1,	1,	1,	1,	512,	512,	1,	1,	32,	
Attn_Xmap_341,	GEMM,	1,	1,	1,	1,	512,	64,	1,	1,	32,	
Attn_Kmap_342,	GEMM,	1,	1,	1,	1,	512,	64,	1,	1,	32,	
Attn_Qmap_343,	GEMM,	1,	1,	1,	1,	512,	64,	1,	1,	32,	
Attn_QxK'_344,	GEMM,	1,	64,	1,	1,	1,	64,	1,	1,	32,	
Attn_SFMXxV_345,	GEMM,	1,	64,	1,	1,	64,	1,	1,	1,	32,	
Attn_Concat_map_346,	GEMM,	1,	1,	1,	1,	512,	512,	1,	1,	32,	
Attn_Xmap_347,	GEMM,	1,	1,	1,	1,	512,	64,	1,	1,	32,	
Attn_Kmap_348,	GEMM,	1,	1,	1,	1,	512,	64,	1,	1,	32,	
Attn_Qmap_349,	GEMM,	1,	1,	1,	1,	512,	64,	1,	1,	32,	
Attn_QxK'_350,	GEMM,	1,	64,	1,	1,	1,	64,	1,	1,	32,	
Attn_SFMXxV_351,	GEMM,	1,	64,	1,	1,	64,	1,	1,	1,	32,	
Attn_Concat_map_352,	GEMM,	1,	1,	1,	1,	512,	512,	1,	1,	32,	
Attn_Xmap_353,	GEMM,	1,	1,	1,	1,	512,	64,	1,	1,	32,	
Attn_Kmap_354,	GEMM,	1,	1,	1,	1,	512,	64,	1,	1,	32,	
Attn_Qmap_355,	GEMM,	1,	1,	1,	1,	512,	64,	1,	1,	32,	
Attn_QxK'_356,	GEMM,	1,	64,	1,	1,	1,	64,	1,	1,	32,	
Attn_SFMXxV_357,	GEMM,	1,	64,	1,	1,	64,	1,	1,	1,	32,	
Attn_Concat_map_358,	GEMM,	1,	1,	1,	1,	512,	512,	1,	1,	32,	
Attn_Xmap_359,	GEMM,	1,	1,	1,	1,	512,	64,	1,	1,	32,	
Attn_Kmap_360,	GEMM,	1,	1,	1,	1,	512,	64,	1,	1,	32,	
Attn_Qmap_361,	GEMM,	1,	1,	1,	1,	512,	64,	1,	1,	32,	
Attn_QxK'_362,	GEMM,	1,	64,	1,	1,	1,	64,	1,	1,	32,	
Attn_SFMXxV_363,	GEMM,	1,	64,	1,	1,	64,	1,	1,	1,	32,	
Attn_Concat_map_364,	GEMM,	1,	1,	1,	1,	512,	512,	1,	1,	32,	
Attn_Xmap_365,	GEMM,	1,	1,	1,	1,	512,	64,	1,	1,	32,	
Attn_Kmap_366,	GEMM,	1,	1,	1,	1,	512,	64,	1,	1,	32,	
Attn_Qmap_367,	GEMM,	1,	1,	1,	1,	512,	64,	1,	1,	32,	
Attn_QxK'_368,	GEMM,	1,	64,	1,	1,	1,	64,	1,	1,	32,	
Attn_SFMXxV_369,	GEMM,	1,	64,	1,	1,	64,	1,	1,	1,	32,	
Attn_Concat_map_370,	GEMM,	1,	1,	1,	1,	512,	512,	1,	1,	32,	
FFN1_371,	GEMM,	1,	1,	1,	1,	512,	2048,	1,	1,	32,	
FFN2_372,	GEMM,	1,	1,	1,	1,	2048,	512,	1,	1,	32,	
Attn_Xmap_373,	GEMM,	1,	1,	1,	1,	512,	64,	1,	1,	32,	
Attn_Kmap_374,	GEMM,	1,	1,	1,	1,	512,	64,	1,	1,	32,	
Attn_Qmap_375,	GEMM,	1,	1,	1,	1,	512,	64,	1,	1,	32,	
Attn_QxK'_376,	GEMM,	1,	64,	1,	1,	1,	64,	1,	1,	32,	
Attn_SFMXxV_377,	GEMM,	1,	64,	1,	1,	64,	1,	1,	1,	32,	
Attn_Concat_map_378,	GEMM,	1,	1,	1,	1,	512,	512,	1,	1,	32,	
Attn_Xmap_379,	GEMM,	1,	1,	1,	1,	512,	64,	1,	1,	32,	
Attn_Kmap_380,	GEMM,	1,	1,	1,	1,	512,	64,	1,	1,	32,	
Attn_Qmap_381,	GEMM,	1,	1,	1,	1,	512,	64,	1,	1,	32,	
Attn_QxK'_382,	GEMM,	1,	64,	1,	1,	1,	64,	1,	1,	32,	
Attn_SFMXxV_383,	GEMM,	1,	64,	1,	1,	64,	1,	1,	1,	32,	
Attn_Concat_map_384,	GEMM,	1,	1,	1,	1,	512,	512,	1,	1,	32,	
Attn_Xmap_385,	GEMM,	1,	1,	1,	1,	512,	64,	1,	1,	32,	
Attn_Kmap_386,	GEMM,	1,	1,	1,	1,	512,	64,	1,	1,	32,	
Attn_Qmap_387,	GEMM,	1,	1,	1,	1,	512,	64,	1,	1,	32,	
Attn_QxK'_388,	GEMM,	1,	64,	1,	1,	1,	64,	1,	1,	32,	
Attn_SFMXxV_389,	GEMM,	1,	64,	1,	1,	64,	1,	1,	1,	32,	
Attn_Concat_map_390,	GEMM,	1,	1,	1,	1,	512,	512,	1,	1,	32,	
Attn_Xmap_391,	GEMM,	1,	1,	1,	1,	512,	64,	1,	1,	32,	
Attn_Kmap_392,	GEMM,	1,	1,	1,	1,	512,	64,	1,	1,	32,	
Attn_Qmap_393,	GEMM,	1,	1,	1,	1,	512,	64,	1,	1,	32,	
Attn_QxK'_394,	GEMM,	1,	64,	1,	1,	1,	64,	1,	1,	32,	
Attn_SFMXxV_395,	GEMM,	1,	64,	1,	1,	64,	1,	1,	1,	32,	
Attn_Concat_map_396,	GEMM,	1,	1,	1,	1,	512,	512,	1,	1,	32,	
Attn_Xmap_397,	GEMM,	1,	1,	1,	1,	512,	64,	1,	1,	32,	
Attn_Kmap_398,	GEMM,	1,	1,	1,	1,	512,	64,	1,	1,	32,	
Attn_Qmap_399,	GEMM,	1,	1,	1,	1,	512,	64,	1,	1,	32,	
Attn_QxK'_400,	GEMM,	1,	64,	1,	1,	1,	64,	1,	1,	32,	
Attn_SFMXxV_401,	GEMM,	1,	64,	1,	1,	64,	1,	1,	1,	32,	
Attn_Concat_map_402,	GEMM,	1,	1,	1,	1,	512,	512,	1,	1,	32,	
Attn_Xmap_403,	GEMM,	1,	1,	1,	1,	512,	64,	1,	1,	32,	
Attn_Kmap_404,	GEMM,	1,	1,	1,	1,	512,	64,	1,	1,	32,	
Attn_Qmap_405,	GEMM,	1,	1,	1,	1,	512,	64,	1,	1,	32,	
Attn_QxK'_406,	GEMM,	1,	64,	1,	1,	1,	64,	1,	1,	32,	
Attn_SFMXxV_407,	GEMM,	1,	64,	1,	1,	64,	1,	1,	1,	32,	
Attn_Concat_map_408,	GEMM,	1,	1,	1,	1,	512,	512,	1,	1,	32,	
Attn_Xmap_409,	GEMM,	1,	1,	1,	1,	512,	64,	1,	1,	32,	
Attn_Kmap_410,	GEMM,	1,	1,	1,	1,	512,	64,	1,	1,	32,	
Attn_Qmap_411,	GEMM,	1,	1,	1,	1,	512,	64,	1,	1,	32,	
Attn_QxK'_412,	GEMM,	1,	64,	1,	1,	1,	64,	1,	1,	32,	
Attn_SFMXxV_413,	GEMM,	1,	64,	1,	1,	64,	1,	1,	1,	32,	
Attn_Concat_map_414,	GEMM,	1,	1,	1,	1,	512,	512,	1,	1,	32,	
Attn_Xmap_415,	GEMM,	1,	1,	1,	1,	512,	64,	1,	1,	32,	
Attn_Kmap_416,	GEMM,	1,	1,	1,	1,	512,	64,	1,	1,	32,	
Attn_Qmap_417,	GEMM,	1,	1,	1,	1,	512,	64,	1,	1,	32,	
Attn_QxK'_418,	GEMM,	1,	64,	1,	1,	1,	64,	1,	1,	32,	
Attn_SFMXxV_419,	GEMM,	1,	64,	1,	1,	64,	1,	1,	1,	32,	
Attn_Concat_map_420,	GEMM,	1,	1,	1,	1,	512,	512,	1,	1,	32,	
FFN1_421,	GEMM,	1,	1,	1,	1,	512,	2048,	1,	1,	32,	
FFN2_422,	GEMM,	1,	1,	1,	1,	2048,	512,	1,	1,	32,	
Attn_Xmap_423,	GEMM,	1,	1,	1,	1,	512,	64,	1,	1,	32,	
Attn_Kmap_424,	GEMM,	1,	1,	1,	1,	512,	64,	1,	1,	32,	
Attn_Qmap_425,	GEMM,	1,	1,	1,	1,	512,	64,	1,	1,	32,	
Attn_QxK'_426,	GEMM,	1,	64,	1,	1,	1,	64,	1,	1,	32,	
Attn_SFMXxV_427,	GEMM,	1,	64,	1,	1,	64,	1,	1,	1,	32,	
Attn_Concat_map_428,	GEMM,	1,	1,	1,	1,	512,	512,	1,	1,	32,	
Attn_Xmap_429,	GEMM,	1,	1,	1,	1,	512,	64,	1,	1,	32,	
Attn_Kmap_430,	GEMM,	1,	1,	1,	1,	512,	64,	1,	1,	32,	
Attn_Qmap_431,	GEMM,	1,	1,	1,	1,	512,	64,	1,	1,	32,	
Attn_QxK'_432,	GEMM,	1,	64,	1,	1,	1,	64,	1,	1,	32,	
Attn_SFMXxV_433,	GEMM,	1,	64,	1,	1,	64,	1,	1,	1,	32,	
Attn_Concat_map_434,	GEMM,	1,	1,	1,	1,	512,	512,	1,	1,	32,	
Attn_Xmap_435,	GEMM,	1,	1,	1,	1,	512,	64,	1,	1,	32,	
Attn_Kmap_436,	GEMM,	1,	1,	1,	1,	512,	64,	1,	1,	32,	
Attn_Qmap_437,	GEMM,	1,	1,	1,	1,	512,	64,	1,	1,	32,	
Attn_QxK'_438,	GEMM,	1,	64,	1,	1,	1,	64,	1,	1,	32,	
Attn_SFMXxV_439,	GEMM,	1,	64,	1,	1,	64,	1,	1,	1,	32,	
Attn_Concat_map_440,	GEMM,	1,	1,	1,	1,	512,	512,	1,	1,	32,	
Attn_Xmap_441,	GEMM,	1,	1,	1,	1,	512,	64,	1,	1,	32,	
Attn_Kmap_442,	GEMM,	1,	1,	1,	1,	512,	64,	1,	1,	32,	
Attn_Qmap_443,	GEMM,	1,	1,	1,	1,	512,	64,	1,	1,	32,	
Attn_QxK'_444,	GEMM,	1,	64,	1,	1,	1,	64,	1,	1,	32,	
Attn_SFMXxV_445,	GEMM,	1,	64,	1,	1,	64,	1,	1,	1,	32,	
Attn_Concat_map_446,	GEMM,	1,	1,	1,	1,	512,	512,	1,	1,	32,	
Attn_Xmap_447,	GEMM,	1,	1,	1,	1,	512,	64,	1,	1,	32,	
Attn_Kmap_448,	GEMM,	1,	1,	1,	1,	512,	64,	1,	1,	32,	
Attn_Qmap_449,	GEMM,	1,	1,	1,	1,	512,	64,	1,	1,	32,	
Attn_QxK'_450,	GEMM,	1,	64,	1,	1,	1,	64,	1,	1,	32,	
Attn_SFMXxV_451,	GEMM,	1,	64,	1,	1,	64,	1,	1,	1,	32,	
Attn_Concat_map_452,	GEMM,	1,	1,	1,	1,	512,	512,	1,	1,	32,	
Attn_Xmap_453,	GEMM,	1,	1,	1,	1,	512,	64,	1,	1,	32,	
Attn_Kmap_454,	GEMM,	1,	1,	1,	1,	512,	64,	1,	1,	32,	
Attn_Qmap_455,	GEMM,	1,	1,	1,	1,	512,	64,	1,	1,	32,	
Attn_QxK'_456,	GEMM,	1,	64,	1,	1,	1,	64,	1,	1,	32,	
Attn_SFMXxV_457,	GEMM,	1,	64,	1,	1,	64,	1,	1,	1,	32,	
Attn_Concat_map_458,	GEMM,	1,	1,	1,	1,	512,	512,	1,	1,	32,	
Attn_Xmap_459,	GEMM,	1,	1,	1,	1,	512,	64,	1,	1,	32,	
Attn_Kmap_460,	GEMM,	1,	1,	1,	1,	512,	64,	1,	1,	32,	
Attn_Qmap_461,	GEMM,	1,	1,	1,	1,	512,	64,	1,	1,	32,	
Attn_QxK'_462,	GEMM,	1,	64,	1,	1,	1,	64,	1,	1,	32,	
Attn_SFMXxV_463,	GEMM,	1,	64,	1,	1,	64,	1,	1,	1,	32,	
Attn_Concat_map_464,	GEMM,	1,	1,	1,	1,	512,	512,	1,	1,	32,	
Attn_Xmap_465,	GEMM,	1,	1,	1,	1,	512,	64,	1,	1,	32,	
Attn_Kmap_466,	GEMM,	1,	1,	1,	1,	512,	64,	1,	1,	32,	
Attn_Qmap_467,	GEMM,	1,	1,	1,	1,	512,	64,	1,	1,	32,	
Attn_QxK'_468,	GEMM,	1,	64,	1,	1,	1,	64,	1,	1,	32,	
Attn_SFMXxV_469,	GEMM,	1,	64,	1,	1,	64,	1,	1,	1,	32,	
Attn_Concat_map_470,	GEMM,	1,	1,	1,	1,	512,	512,	1,	1,	32,	
FFN1_471,	GEMM,	1,	1,	1,	1,	512,	2048,	1,	1,	32,	
FFN2_472,	GEMM,	1,	1,	1,	1,	2048,	512,	1,	1,	32,	
Attn_Xmap_473,	GEMM,	1,	1,	1,	1,	512,	64,	1,	1,	32,	
Attn_Kmap_474,	GEMM,	1,	1,	1,	1,	512,	64,	1,	1,	32,	
Attn_Qmap_475,	GEMM,	1,	1,	1,	1,	512,	64,	1,	1,	32,	
Attn_QxK'_476,	GEMM,	1,	64,	1,	1,	1,	64,	1,	1,	32,	
Attn_SFMXxV_477,	GEMM,	1,	64,	1,	1,	64,	1,	1,	1,	32,	
Attn_Concat_map_478,	GEMM,	1,	1,	1,	1,	512,	512,	1,	1,	32,	
Attn_Xmap_479,	GEMM,	1,	1,	1,	1,	512,	64,	1,	1,	32,	
Attn_Kmap_480,	GEMM,	1,	1,	1,	1,	512,	64,	1,	1,	32,	
Attn_Qmap_481,	GEMM,	1,	1,	1,	1,	512,	64,	1,	1,	32,	
Attn_QxK'_482,	GEMM,	1,	64,	1,	1,	1,	64,	1,	1,	32,	
Attn_SFMXxV_483,	GEMM,	1,	64,	1,	1,	64,	1,	1,	1,	32,	
Attn_Concat_map_484,	GEMM,	1,	1,	1,	1,	512,	512,	1,	1,	32,	
Attn_Xmap_485,	GEMM,	1,	1,	1,	1,	512,	64,	1,	1,	32,	
Attn_Kmap_486,	GEMM,	1,	1,	1,	1,	512,	64,	1,	1,	32,	
Attn_Qmap_487,	GEMM,	1,	1,	1,	1,	512,	64,	1,	1,	32,	
Attn_QxK'_488,	GEMM,	1,	64,	1,	1,	1,	64,	1,	1,	32,	
Attn_SFMXxV_489,	GEMM,	1,	64,	1,	1,	64,	1,	1,	1,	32,	
Attn_Concat_map_490,	GEMM,	1,	1,	1,	1,	512,	512,	1,	1,	32,	
Attn_Xmap_491,	GEMM,	1,	1,	1,	1,	512,	64,	1,	1,	32,	
Attn_Kmap_492,	GEMM,	1,	1,	1,	1,	512,	64,	1,	1,	32,	
Attn_Qmap_493,	GEMM,	1,	1,	1,	1,	512,	64,	1,	1,	32,	
Attn_QxK'_494,	GEMM,	1,	64,	1,	1,	1,	64,	1,	1,	32,	
Attn_SFMXxV_495,	GEMM,	1,	64,	1,	1,	64,	1,	1,	1,	32,	
Attn_Concat_map_496,	GEMM,	1,	1,	1,	1,	512,	512,	1,	1,	32,	
Attn_Xmap_497,	GEMM,	1,	1,	1,	1,	512,	64,	1,	1,	32,	
Attn_Kmap_498,	GEMM,	1,	1,	1,	1,	512,	64,	1,	1,	32,	
Attn_Qmap_499,	GEMM,	1,	1,	1,	1,	512,	64,	1,	1,	32,	
Attn_QxK'_500,	GEMM,	1,	64,	1,	1,	1,	64,	1,	1,	32,	
Attn_SFMXxV_501,	GEMM,	1,	64,	1,	1,	64,	1,	1,	1,	32,	
Attn_Concat_map_502,	GEMM,	1,	1,	1,	1,	512,	512,	1,	1,	32,	
Attn_Xmap_503,	GEMM,	1,	1,	1,	1,	512,	64,	1,	1,	32,	
Attn_Kmap_504,	GEMM,	1,	1,	1,	1,	512,	64,	1,	1,	32,	
Attn_Qmap_505,	GEMM,	1,	1,	1,	1,	512,	64,	1,	1,	32,	
Attn_QxK'_506,	GEMM,	1,	64,	1,	1,	1,	64,	1,	1,	32,	
Attn_SFMXxV_507,	GEMM,	1,	64,	1,	1,	64,	1,	1,	1,	32,	
Attn_Concat_map_508,	GEMM,	1,	1,	1,	1,	512,	512,	1,	1,	32,	
Attn_Xmap_509,	GEMM,	1,	1,	1,	1,	512,	64,	1,	1,	32,	
Attn_Kmap_510,	GEMM,	1,	1,	1,	1,	512,	64,	1,	1,	32,	
Attn_Qmap_511,	GEMM,	1,	1,	1,	1,	512,	64,	1,	1,	32,	
Attn_QxK'_512,	GEMM,	1,	64,	1,	1,	1,	64,	1,	1,	32,	
Attn_SFMXxV_513,	GEMM,	1,	64,	1,	1,	64,	1,	1,	1,	32,	
Attn_Concat_map_514,	GEMM,	1,	1,	1,	1,	512,	512,	1,	1,	32,	
Attn_Xmap_515,	GEMM,	1,	1,	1,	1,	512,	64,	1,	1,	32,	
Attn_Kmap_516,	GEMM,	1,	1,	1,	1,	512,	64,	1,	1,	32,	
Attn_Qmap_517,	GEMM,	1,	1,	1,	1,	512,	64,	1,	1,	32,	
Attn_QxK'_518,	GEMM,	1,	64,	1,	1,	1,	64,	1,	1,	32,	
Attn_SFMXxV_519,	GEMM,	1,	64,	1,	1,	64,	1,	1,	1,	32,	
Attn_Concat_map_520,	GEMM,	1,	1,	1,	1,	512,	512,	1,	1,	32,	
FFN1_521,	GEMM,	1,	1,	1,	1,	512,	2048,	1,	1,	32,	
FFN2_522,	GEMM,	1,	1,	1,	1,	2048,	512,	1,	1,	32,	
Embedding_523,	GEMM,	512,	1,	1,	1,	1,	33708,	1,	1,	32,	
Attn_Xmap_524,	GEMM,	1,	1,	1,	1,	512,	64,	1,	1,	32,	
Attn_Kmap_525,	GEMM,	1,	1,	1,	1,	512,	64,	1,	1,	32,	
Attn_Qmap_526,	GEMM,	1,	1,	1,	1,	512,	64,	1,	1,	32,	
Attn_QxK'_527,	GEMM,	1,	64,	1,	1,	1,	64,	1,	1,	32,	
Attn_SFMXxV_528,	GEMM,	1,	64,	1,	1,	64,	1,	1,	1,	32,	
Attn_Concat_map_529,	GEMM,	1,	1,	1,	1,	512,	512,	1,	1,	32,	
Attn_Xmap_530,	GEMM,	1,	1,	1,	1,	512,	64,	1,	1,	32,	
Attn_Kmap_531,	GEMM,	1,	1,	1,	1,	512,	64,	1,	1,	32,	
Attn_Qmap_532,	GEMM,	1,	1,	1,	1,	512,	64,	1,	1,	32,	
Attn_QxK'_533,	GEMM,	1,	64,	1,	1,	1,	64,	1,	1,	32,	
Attn_SFMXxV_534,	GEMM,	1,	64,	1,	1,	64,	1,	1,	1,	32,	
Attn_Concat_map_535,	GEMM,	1,	1,	1,	1,	512,	512,	1,	1,	32,	
Attn_Xmap_536,	GEMM,	1,	1,	1,	1,	512,	64,	1,	1,	32,	
Attn_Kmap_537,	GEMM,	1,	1,	1,	1,	512,	64,	1,	1,	32,	
Attn_Qmap_538,	GEMM,	1,	1,	1,	1,	512,	64,	1,	1,	32,	
Attn_QxK'_539,	GEMM,	1,	64,	1,	1,	1,	64,	1,	1,	32,	
Attn_SFMXxV_540,	GEMM,	1,	64,	1,	1,	64,	1,	1,	1,	32,	
Attn_Concat_map_541,	GEMM,	1,	1,	1,	1,	512,	512,	1,	1,	32,	
Attn_Xmap_542,	GEMM,	1,	1,	1,	1,	512,	64,	1,	1,	32,	
Attn_Kmap_543,	GEMM,	1,	1,	1,	1,	512,	64,	1,	1,	32,	
Attn_Qmap_544,	GEMM,	1,	1,	1,	1,	512,	64,	1,	1,	32,	
Attn_QxK'_545,	GEMM,	1,	64,	1,	1,	1,	64,	1,	1,	32,	
Attn_SFMXxV_546,	GEMM,	1,	64,	1,	1,	64,	1,	1,	1,	32,	
Attn_Concat_map_547,	GEMM,	1,	1,	1,	1,	512,	512,	1,	1,	32,	
Attn_Xmap_548,	GEMM,	1,	1,	1,	1,	512,	64,	1,	1,	32,	
Attn_Kmap_549,	GEMM,	1,	1,	1,	1,	512,	64,	1,	1,	32,	
Attn_Qmap_550,	GEMM,	1,	1,	1,	1,	512,	64,	1,	1,	32,	
Attn_QxK'_551,	GEMM,	1,	64,	1,	1,	1,	64,	1,	1,	32,	
Attn_SFMXxV_552,	GEMM,	1,	64,	1,	1,	64,	1,	1,	1,	32,	
Attn_Concat_map_553,	GEMM,	1,	1,	1,	1,	512,	512,	1,	1,	32,	
Attn_Xmap_554,	GEMM,	1,	1,	1,	1,	512,	64,	1,	1,	32,	
Attn_Kmap_555,	GEMM,	1,	1,	1,	1,	512,	64,	1,	1,	32,	
Attn_Qmap_556,	GEMM,	1,	1,	1,	1,	512,	64,	1,	1,	32,	
Attn_QxK'_557,	GEMM,	1,	64,	1,	1,	1,	64,	1,	1,	32,	
Attn_SFMXxV_558,	GEMM,	1,	64,	1,	1,	64,	1,	1,	1,	32,	
Attn_Concat_map_559,	GEMM,	1,	1,	1,	1,	512,	512,	1,	1,	32,	
Attn_Xmap_560,	GEMM,	1,	1,	1,	1,	512,	64,	1,	1,	32,	
Attn_Kmap_561,	GEMM,	1,	1,	1,	1,	512,	64,	1,	1,	32,	
Attn_Qmap_562,	GEMM,	1,	1,	1,	1,	512,	64,	1,	1,	32,	
Attn_QxK'_563,	GEMM,	1,	64,	1,	1,	1,	64,	1,	1,	32,	
Attn_SFMXxV_564,	GEMM,	1,	64,	1,	1,	64,	1,	1,	1,	32,	
Attn_Concat_map_565,	GEMM,	1,	1,	1,	1,	512,	512,	1,	1,	32,	
Attn_Xmap_566,	GEMM,	1,	1,	1,	1,	512,	64,	1,	1,	32,	
Attn_Kmap_567,	GEMM,	1,	1,	1,	1,	512,	64,	1,	1,	32,	
Attn_Qmap_568,	GEMM,	1,	1,	1,	1,	512,	64,	1,	1,	32,	
Attn_QxK'_569,	GEMM,	1,	64,	1,	1,	1,	64,	1,	1,	32,	
Attn_SFMXxV_570,	GEMM,	1,	64,	1,	1,	64,	1,	1,	1,	32,	
Attn_Concat_map_571,	GEMM,	1,	1,	1,	1,	512,	512,	1,	1,	32,	
Attn_Xmap_572,	GEMM,	1,	1,	1,	1,	512,	64,	1,	1,	32,	
Attn_Kmap_573,	GEMM,	1,	1,	1,	1,	512,	64,	1,	1,	32,	
Attn_Qmap_574,	GEMM,	1,	1,	1,	1,	512,	64,	1,	1,	32,	
Attn_QxK'_575,	GEMM,	1,	64,	1,	1,	1,	64,	1,	1,	32,	
Attn_SFMXxV_576,	GEMM,	1,	64,	1,	1,	64,	1,	1,	1,	32,	
Attn_Concat_map_577,	GEMM,	1,	1,	1,	1,	512,	512,	1,	1,	32,	
Attn_Xmap_578,	GEMM,	1,	1,	1,	1,	512,	64,	1,	1,	32,	
Attn_Kmap_579,	GEMM,	1,	1,	1,	1,	512,	64,	1,	1,	32,	
Attn_Qmap_580,	GEMM,	1,	1,	1,	1,	512,	64,	1,	1,	32,	
Attn_QxK'_581,	GEMM,	1,	64,	1,	1,	1,	64,	1,	1,	32,	
Attn_SFMXxV_582,	GEMM,	1,	64,	1,	1,	64,	1,	1,	1,	32,	
Attn_Concat_map_583,	GEMM,	1,	1,	1,	1,	512,	512,	1,	1,	32,	
Attn_Xmap_584,	GEMM,	1,	1,	1,	1,	512,	64,	1,	1,	32,	
Attn_Kmap_585,	GEMM,	1,	1,	1,	1,	512,	64,	1,	1,	32,	
Attn_Qmap_586,	GEMM,	1,	1,	1,	1,	512,	64,	1,	1,	32,	
Attn_QxK'_587,	GEMM,	1,	64,	1,	1,	1,	64,	1,	1,	32,	
Attn_SFMXxV_588,	GEMM,	1,	64,	1,	1,	64,	1,	1,	1,	32,	
Attn_Concat_map_589,	GEMM,	1,	1,	1,	1,	512,	512,	1,	1,	32,	
Attn_Xmap_590,	GEMM,	1,	1,	1,	1,	512,	64,	1,	1,	32,	
Attn_Kmap_591,	GEMM,	1,	1,	1,	1,	512,	64,	1,	1,	32,	
Attn_Qmap_592,	GEMM,	1,	1,	1,	1,	512,	64,	1,	1,	32,	
Attn_QxK'_593,	GEMM,	1,	64,	1,	1,	1,	64,	1,	1,	32,	
Attn_SFMXxV_594,	GEMM,	1,	64,	1,	1,	64,	1,	1,	1,	32,	
Attn_Concat_map_595,	GEMM,	1,	1,	1,	1,	512,	512,	1,	1,	32,	
Attn_Xmap_596,	GEMM,	1,	1,	1,	1,	512,	64,	1,	1,	32,	
Attn_Kmap_597,	GEMM,	1,	1,	1,	1,	512,	64,	1,	1,	32,	
Attn_Qmap_598,	GEMM,	1,	1,	1,	1,	512,	64,	1,	1,	32,	
Attn_QxK'_599,	GEMM,	1,	64,	1,	1,	1,	64,	1,	1,	32,	
Attn_SFMXxV_600,	GEMM,	1,	64,	1,	1,	64,	1,	1,	1,	32,	
Attn_Concat_map_601,	GEMM,	1,	1,	1,	1,	512,	512,	1,	1,	32,	
Attn_Xmap_602,	GEMM,	1,	1,	1,	1,	512,	64,	1,	1,	32,	
Attn_Kmap_603,	GEMM,	1,	1,	1,	1,	512,	64,	1,	1,	32,	
Attn_Qmap_604,	GEMM,	1,	1,	1,	1,	512,	64,	1,	1,	32,	
Attn_QxK'_605,	GEMM,	1,	64,	1,	1,	1,	64,	1,	1,	32,	
Attn_SFMXxV_606,	GEMM,	1,	64,	1,	1,	64,	1,	1,	1,	32,	
Attn_Concat_map_607,	GEMM,	1,	1,	1,	1,	512,	512,	1,	1,	32,	
Attn_Xmap_608,	GEMM,	1,	1,	1,	1,	512,	64,	1,	1,	32,	
Attn_Kmap_609,	GEMM,	1,	1,	1,	1,	512,	64,	1,	1,	32,	
Attn_Qmap_610,	GEMM,	1,	1,	1,	1,	512,	64,	1,	1,	32,	
Attn_QxK'_611,	GEMM,	1,	64,	1,	1,	1,	64,	1,	1,	32,	
Attn_SFMXxV_612,	GEMM,	1,	64,	1,	1,	64,	1,	1,	1,	32,	
Attn_Concat_map_613,	GEMM,	1,	1,	1,	1,	512,	512,	1,	1,	32,	
Attn_Xmap_614,	GEMM,	1,	1,	1,	1,	512,	64,	1,	1,	32,	
Attn_Kmap_615,	GEMM,	1,	1,	1,	1,	512,	64,	1,	1,	32,	
Attn_Qmap_616,	GEMM,	1,	1,	1,	1,	512,	64,	1,	1,	32,	
Attn_QxK'_617,	GEMM,	1,	64,	1,	1,	1,	64,	1,	1,	32,	
Attn_SFMXxV_618,	GEMM,	1,	64,	1,	1,	64,	1,	1,	1,	32,	
Attn_Concat_map_619,	GEMM,	1,	1,	1,	1,	512,	512,	1,	1,	32,	
FFN1_620,	GEMM,	1,	1,	1,	1,	512,	2048,	1,	1,	32,	
FFN2_621,	GEMM,	1,	1,	1,	1,	2048,	512,	1,	1,	32,	
Attn_Xmap_622,	GEMM,	1,	1,	1,	1,	512,	64,	1,	1,	32,	
Attn_Kmap_623,	GEMM,	1,	1,	1,	1,	512,	64,	1,	1,	32,	
Attn_Qmap_624,	GEMM,	1,	1,	1,	1,	512,	64,	1,	1,	32,	
Attn_QxK'_625,	GEMM,	1,	64,	1,	1,	1,	64,	1,	1,	32,	
Attn_SFMXxV_626,	GEMM,	1,	64,	1,	1,	64,	1,	1,	1,	32,	
Attn_Concat_map_627,	GEMM,	1,	1,	1,	1,	512,	512,	1,	1,	32,	
Attn_Xmap_628,	GEMM,	1,	1,	1,	1,	512,	64,	1,	1,	32,	
Attn_Kmap_629,	GEMM,	1,	1,	1,	1,	512,	64,	1,	1,	32,	
Attn_Qmap_630,	GEMM,	1,	1,	1,	1,	512,	64,	1,	1,	32,	
Attn_QxK'_631,	GEMM,	1,	64,	1,	1,	1,	64,	1,	1,	32,	
Attn_SFMXxV_632,	GEMM,	1,	64,	1,	1,	64,	1,	1,	1,	32,	
Attn_Concat_map_633,	GEMM,	1,	1,	1,	1,	512,	512,	1,	1,	32,	
Attn_Xmap_634,	GEMM,	1,	1,	1,	1,	512,	64,	1,	1,	32,	
Attn_Kmap_635,	GEMM,	1,	1,	1,	1,	512,	64,	1,	1,	32,	
Attn_Qmap_636,	GEMM,	1,	1,	1,	1,	512,	64,	1,	1,	32,	
Attn_QxK'_637,	GEMM,	1,	64,	1,	1,	1,	64,	1,	1,	32,	
Attn_SFMXxV_638,	GEMM,	1,	64,	1,	1,	64,	1,	1,	1,	32,	
Attn_Concat_map_639,	GEMM,	1,	1,	1,	1,	512,	512,	1,	1,	32,	
Attn_Xmap_640,	GEMM,	1,	1,	1,	1,	512,	64,	1,	1,	32,	
Attn_Kmap_641,	GEMM,	1,	1,	1,	1,	512,	64,	1,	1,	32,	
Attn_Qmap_642,	GEMM,	1,	1,	1,	1,	512,	64,	1,	1,	32,	
Attn_QxK'_643,	GEMM,	1,	64,	1,	1,	1,	64,	1,	1,	32,	
Attn_SFMXxV_644,	GEMM,	1,	64,	1,	1,	64,	1,	1,	1,	32,	
Attn_Concat_map_645,	GEMM,	1,	1,	1,	1,	512,	512,	1,	1,	32,	
Attn_Xmap_646,	GEMM,	1,	1,	1,	1,	512,	64,	1,	1,	32,	
Attn_Kmap_647,	GEMM,	1,	1,	1,	1,	512,	64,	1,	1,	32,	
Attn_Qmap_648,	GEMM,	1,	1,	1,	1,	512,	64,	1,	1,	32,	
Attn_QxK'_649,	GEMM,	1,	64,	1,	1,	1,	64,	1,	1,	32,	
Attn_SFMXxV_650,	GEMM,	1,	64,	1,	1,	64,	1,	1,	1,	32,	
Attn_Concat_map_651,	GEMM,	1,	1,	1,	1,	512,	512,	1,	1,	32,	
Attn_Xmap_652,	GEMM,	1,	1,	1,	1,	512,	64,	1,	1,	32,	
Attn_Kmap_653,	GEMM,	1,	1,	1,	1,	512,	64,	1,	1,	32,	
Attn_Qmap_654,	GEMM,	1,	1,	1,	1,	512,	64,	1,	1,	32,	
Attn_QxK'_655,	GEMM,	1,	64,	1,	1,	1,	64,	1,	1,	32,	
Attn_SFMXxV_656,	GEMM,	1,	64,	1,	1,	64,	1,	1,	1,	32,	
Attn_Concat_map_657,	GEMM,	1,	1,	1,	1,	512,	512,	1,	1,	32,	
Attn_Xmap_658,	GEMM,	1,	1,	1,	1,	512,	64,	1,	1,	32,	
Attn_Kmap_659,	GEMM,	1,	1,	1,	1,	512,	64,	1,	1,	32,	
Attn_Qmap_660,	GEMM,	1,	1,	1,	1,	512,	64,	1,	1,	32,	
Attn_QxK'_661,	GEMM,	1,	64,	1,	1,	1,	64,	1,	1,	32,	
Attn_SFMXxV_662,	GEMM,	1,	64,	1,	1,	64,	1,	1,	1,	32,	
Attn_Concat_map_663,	GEMM,	1,	1,	1,	1,	512,	512,	1,	1,	32,	
Attn_Xmap_664,	GEMM,	1,	1,	1,	1,	512,	64,	1,	1,	32,	
Attn_Kmap_665,	GEMM,	1,	1,	1,	1,	512,	64,	1,	1,	32,	
Attn_Qmap_666,	GEMM,	1,	1,	1,	1,	512,	64,	1,	1,	32,	
Attn_QxK'_667,	GEMM,	1,	64,	1,	1,	1,	64,	1,	1,	32,	
Attn_SFMXxV_668,	GEMM,	1,	64,	1,	1,	64,	1,	1,	1,	32,	
Attn_Concat_map_669,	GEMM,	1,	1,	1,	1,	512,	512,	1,	1,	32,	
Attn_Xmap_670,	GEMM,	1,	1,	1,	1,	512,	64,	1,	1,	32,	
Attn_Kmap_671,	GEMM,	1,	1,	1,	1,	512,	64,	1,	1,	32,	
Attn_Qmap_672,	GEMM,	1,	1,	1,	1,	512,	64,	1,	1,	32,	
Attn_QxK'_673,	GEMM,	1,	64,	1,	1,	1,	64,	1,	1,	32,	
Attn_SFMXxV_674,	GEMM,	1,	64,	1,	1,	64,	1,	1,	1,	32,	
Attn_Concat_map_675,	GEMM,	1,	1,	1,	1,	512,	512,	1,	1,	32,	
Attn_Xmap_676,	GEMM,	1,	1,	1,	1,	512,	64,	1,	1,	32,	
Attn_Kmap_677,	GEMM,	1,	1,	1,	1,	512,	64,	1,	1,	32,	
Attn_Qmap_678,	GEMM,	1,	1,	1,	1,	512,	64,	1,	1,	32,	
Attn_QxK'_679,	GEMM,	1,	64,	1,	1,	1,	64,	1,	1,	32,	
Attn_SFMXxV_680,	GEMM,	1,	64,	1,	1,	64,	1,	1,	1,	32,	
Attn_Concat_map_681,	GEMM,	1,	1,	1,	1,	512,	512,	1,	1,	32,	
Attn_Xmap_682,	GEMM,	1,	1,	1,	1,	512,	64,	1,	1,	32,	
Attn_Kmap_683,	GEMM,	1,	1,	1,	1,	512,	64,	1,	1,	32,	
Attn_Qmap_684,	GEMM,	1,	1,	1,	1,	512,	64,	1,	1,	32,	
Attn_QxK'_685,	GEMM,	1,	64,	1,	1,	1,	64,	1,	1,	32,	
Attn_SFMXxV_686,	GEMM,	1,	64,	1,	1,	64,	1,	1,	1,	32,	
Attn_Concat_map_687,	GEMM,	1,	1,	1,	1,	512,	512,	1,	1,	32,	
Attn_Xmap_688,	GEMM,	1,	1,	1,	1,	512,	64,	1,	1,	32,	
Attn_Kmap_689,	GEMM,	1,	1,	1,	1,	512,	64,	1,	1,	32,	
Attn_Qmap_690,	GEMM,	1,	1,	1,	1,	512,	64,	1,	1,	32,	
Attn_QxK'_691,	GEMM,	1,	64,	1,	1,	1,	64,	1,	1,	32,	
Attn_SFMXxV_692,	GEMM,	1,	64,	1,	1,	64,	1,	1,	1,	32,	
Attn_Concat_map_693,	GEMM,	1,	1,	1,	1,	512,	512,	1,	1,	32,	
Attn_Xmap_694,	GEMM,	1,	1,	1,	1,	512,	64,	1,	1,	32,	
Attn_Kmap_695,	GEMM,	1,	1,	1,	1,	512,	64,	1,	1,	32,	
Attn_Qmap_696,	GEMM,	1,	1,	1,	1,	512,	64,	1,	1,	32,	
Attn_QxK'_697,	GEMM,	1,	64,	1,	1,	1,	64,	1,	1,	32,	
Attn_SFMXxV_698,	GEMM,	1,	64,	1,	1,	64,	1,	1,	1,	32,	
Attn_Concat_map_699,	GEMM,	1,	1,	1,	1,	512,	512,	1,	1,	32,	
Attn_Xmap_700,	GEMM,	1,	1,	1,	1,	512,	64,	1,	1,	32,	
Attn_Kmap_701,	GEMM,	1,	1,	1,	1,	512,	64,	1,	1,	32,	
Attn_Qmap_702,	GEMM,	1,	1,	1,	1,	512,	64,	1,	1,	32,	
Attn_QxK'_703,	GEMM,	1,	64,	1,	1,	1,	64,	1,	1,	32,	
Attn_SFMXxV_704,	GEMM,	1,	64,	1,	1,	64,	1,	1,	1,	32,	
Attn_Concat_map_705,	GEMM,	1,	1,	1,	1,	512,	512,	1,	1,	32,	
Attn_Xmap_706,	GEMM,	1,	1,	1,	1,	512,	64,	1,	1,	32,	
Attn_Kmap_707,	GEMM,	1,	1,	1,	1,	512,	64,	1,	1,	32,	
Attn_Qmap_708,	GEMM,	1,	1,	1,	1,	512,	64,	1,	1,	32,	
Attn_QxK'_709,	GEMM,	1,	64,	1,	1,	1,	64,	1,	1,	32,	
Attn_SFMXxV_710,	GEMM,	1,	64,	1,	1,	64,	1,	1,	1,	32,	
Attn_Concat_map_711,	GEMM,	1,	1,	1,	1,	512,	512,	1,	1,	32,	
Attn_Xmap_712,	GEMM,	1,	1,	1,	1,	512,	64,	1,	1,	32,	
Attn_Kmap_713,	GEMM,	1,	1,	1,	1,	512,	64,	1,	1,	32,	
Attn_Qmap_714,	GEMM,	1,	1,	1,	1,	512,	64,	1,	1,	32,	
Attn_QxK'_715,	GEMM,	1,	64,	1,	1,	1,	64,	1,	1,	32,	
Attn_SFMXxV_716,	GEMM,	1,	64,	1,	1,	64,	1,	1,	1,	32,	
Attn_Concat_map_717,	GEMM,	1,	1,	1,	1,	512,	512,	1,	1,	32,	
FFN1_718,	GEMM,	1,	1,	1,	1,	512,	2048,	1,	1,	32,	
FFN2_719,	GEMM,	1,	1,	1,	1,	2048,	512,	1,	1,	32,	
Attn_Xmap_720,	GEMM,	1,	1,	1,	1,	512,	64,	1,	1,	32,	
Attn_Kmap_721,	GEMM,	1,	1,	1,	1,	512,	64,	1,	1,	32,	
Attn_Qmap_722,	GEMM,	1,	1,	1,	1,	512,	64,	1,	1,	32,	
Attn_QxK'_723,	GEMM,	1,	64,	1,	1,	1,	64,	1,	1,	32,	
Attn_SFMXxV_724,	GEMM,	1,	64,	1,	1,	64,	1,	1,	1,	32,	
Attn_Concat_map_725,	GEMM,	1,	1,	1,	1,	512,	512,	1,	1,	32,	
Attn_Xmap_726,	GEMM,	1,	1,	1,	1,	512,	64,	1,	1,	32,	
Attn_Kmap_727,	GEMM,	1,	1,	1,	1,	512,	64,	1,	1,	32,	
Attn_Qmap_728,	GEMM,	1,	1,	1,	1,	512,	64,	1,	1,	32,	
Attn_QxK'_729,	GEMM,	1,	64,	1,	1,	1,	64,	1,	1,	32,	
Attn_SFMXxV_730,	GEMM,	1,	64,	1,	1,	64,	1,	1,	1,	32,	
Attn_Concat_map_731,	GEMM,	1,	1,	1,	1,	512,	512,	1,	1,	32,	
Attn_Xmap_732,	GEMM,	1,	1,	1,	1,	512,	64,	1,	1,	32,	
Attn_Kmap_733,	GEMM,	1,	1,	1,	1,	512,	64,	1,	1,	32,	
Attn_Qmap_734,	GEMM,	1,	1,	1,	1,	512,	64,	1,	1,	32,	
Attn_QxK'_735,	GEMM,	1,	64,	1,	1,	1,	64,	1,	1,	32,	
Attn_SFMXxV_736,	GEMM,	1,	64,	1,	1,	64,	1,	1,	1,	32,	
Attn_Concat_map_737,	GEMM,	1,	1,	1,	1,	512,	512,	1,	1,	32,	
Attn_Xmap_738,	GEMM,	1,	1,	1,	1,	512,	64,	1,	1,	32,	
Attn_Kmap_739,	GEMM,	1,	1,	1,	1,	512,	64,	1,	1,	32,	
Attn_Qmap_740,	GEMM,	1,	1,	1,	1,	512,	64,	1,	1,	32,	
Attn_QxK'_741,	GEMM,	1,	64,	1,	1,	1,	64,	1,	1,	32,	
Attn_SFMXxV_742,	GEMM,	1,	64,	1,	1,	64,	1,	1,	1,	32,	
Attn_Concat_map_743,	GEMM,	1,	1,	1,	1,	512,	512,	1,	1,	32,	
Attn_Xmap_744,	GEMM,	1,	1,	1,	1,	512,	64,	1,	1,	32,	
Attn_Kmap_745,	GEMM,	1,	1,	1,	1,	512,	64,	1,	1,	32,	
Attn_Qmap_746,	GEMM,	1,	1,	1,	1,	512,	64,	1,	1,	32,	
Attn_QxK'_747,	GEMM,	1,	64,	1,	1,	1,	64,	1,	1,	32,	
Attn_SFMXxV_748,	GEMM,	1,	64,	1,	1,	64,	1,	1,	1,	32,	
Attn_Concat_map_749,	GEMM,	1,	1,	1,	1,	512,	512,	1,	1,	32,	
Attn_Xmap_750,	GEMM,	1,	1,	1,	1,	512,	64,	1,	1,	32,	
Attn_Kmap_751,	GEMM,	1,	1,	1,	1,	512,	64,	1,	1,	32,	
Attn_Qmap_752,	GEMM,	1,	1,	1,	1,	512,	64,	1,	1,	32,	
Attn_QxK'_753,	GEMM,	1,	64,	1,	1,	1,	64,	1,	1,	32,	
Attn_SFMXxV_754,	GEMM,	1,	64,	1,	1,	64,	1,	1,	1,	32,	
Attn_Concat_map_755,	GEMM,	1,	1,	1,	1,	512,	512,	1,	1,	32,	
Attn_Xmap_756,	GEMM,	1,	1,	1,	1,	512,	64,	1,	1,	32,	
Attn_Kmap_757,	GEMM,	1,	1,	1,	1,	512,	64,	1,	1,	32,	
Attn_Qmap_758,	GEMM,	1,	1,	1,	1,	512,	64,	1,	1,	32,	
Attn_QxK'_759,	GEMM,	1,	64,	1,	1,	1,	64,	1,	1,	32,	
Attn_SFMXxV_760,	GEMM,	1,	64,	1,	1,	64,	1,	1,	1,	32,	
Attn_Concat_map_761,	GEMM,	1,	1,	1,	1,	512,	512,	1,	1,	32,	
Attn_Xmap_762,	GEMM,	1,	1,	1,	1,	512,	64,	1,	1,	32,	
Attn_Kmap_763,	GEMM,	1,	1,	1,	1,	512,	64,	1,	1,	32,	
Attn_Qmap_764,	GEMM,	1,	1,	1,	1,	512,	64,	1,	1,	32,	
Attn_QxK'_765,	GEMM,	1,	64,	1,	1,	1,	64,	1,	1,	32,	
Attn_SFMXxV_766,	GEMM,	1,	64,	1,	1,	64,	1,	1,	1,	32,	
Attn_Concat_map_767,	GEMM,	1,	1,	1,	1,	512,	512,	1,	1,	32,	
Attn_Xmap_768,	GEMM,	1,	1,	1,	1,	512,	64,	1,	1,	32,	
Attn_Kmap_769,	GEMM,	1,	1,	1,	1,	512,	64,	1,	1,	32,	
Attn_Qmap_770,	GEMM,	1,	1,	1,	1,	512,	64,	1,	1,	32,	
Attn_QxK'_771,	GEMM,	1,	64,	1,	1,	1,	64,	1,	1,	32,	
Attn_SFMXxV_772,	GEMM,	1,	64,	1,	1,	64,	1,	1,	1,	32,	
Attn_Concat_map_773,	GEMM,	1,	1,	1,	1,	512,	512,	1,	1,	32,	
Attn_Xmap_774,	GEMM,	1,	1,	1,	1,	512,	64,	1,	1,	32,	
Attn_Kmap_775,	GEMM,	1,	1,	1,	1,	512,	64,	1,	1,	32,	
Attn_Qmap_776,	GEMM,	1,	1,	1,	1,	512,	64,	1,	1,	32,	
Attn_QxK'_777,	GEMM,	1,	64,	1,	1,	1,	64,	1,	1,	32,	
Attn_SFMXxV_778,	GEMM,	1,	64,	1,	1,	64,	1,	1,	1,	32,	
Attn_Concat_map_779,	GEMM,	1,	1,	1,	1,	512,	512,	1,	1,	32,	
Attn_Xmap_780,	GEMM,	1,	1,	1,	1,	512,	64,	1,	1,	32,	
Attn_Kmap_781,	GEMM,	1,	1,	1,	1,	512,	64,	1,	1,	32,	
Attn_Qmap_782,	GEMM,	1,	1,	1,	1,	512,	64,	1,	1,	32,	
Attn_QxK'_783,	GEMM,	1,	64,	1,	1,	1,	64,	1,	1,	32,	
Attn_SFMXxV_784,	GEMM,	1,	64,	1,	1,	64,	1,	1,	1,	32,	
Attn_Concat_map_785,	GEMM,	1,	1,	1,	1,	512,	512,	1,	1,	32,	
Attn_Xmap_786,	GEMM,	1,	1,	1,	1,	512,	64,	1,	1,	32,	
Attn_Kmap_787,	GEMM,	1,	1,	1,	1,	512,	64,	1,	1,	32,	
Attn_Qmap_788,	GEMM,	1,	1,	1,	1,	512,	64,	1,	1,	32,	
Attn_QxK'_789,	GEMM,	1,	64,	1,	1,	1,	64,	1,	1,	32,	
Attn_SFMXxV_790,	GEMM,	1,	64,	1,	1,	64,	1,	1,	1,	32,	
Attn_Concat_map_791,	GEMM,	1,	1,	1,	1,	512,	512,	1,	1,	32,	
Attn_Xmap_792,	GEMM,	1,	1,	1,	1,	512,	64,	1,	1,	32,	
Attn_Kmap_793,	GEMM,	1,	1,	1,	1,	512,	64,	1,	1,	32,	
Attn_Qmap_794,	GEMM,	1,	1,	1,	1,	512,	64,	1,	1,	32,	
Attn_QxK'_795,	GEMM,	1,	64,	1,	1,	1,	64,	1,	1,	32,	
Attn_SFMXxV_796,	GEMM,	1,	64,	1,	1,	64,	1,	1,	1,	32,	
Attn_Concat_map_797,	GEMM,	1,	1,	1,	1,	512,	512,	1,	1,	32,	
Attn_Xmap_798,	GEMM,	1,	1,	1,	1,	512,	64,	1,	1,	32,	
Attn_Kmap_799,	GEMM,	1,	1,	1,	1,	512,	64,	1,	1,	32,	
Attn_Qmap_800,	GEMM,	1,	1,	1,	1,	512,	64,	1,	1,	32,	
Attn_QxK'_801,	GEMM,	1,	64,	1,	1,	1,	64,	1,	1,	32,	
Attn_SFMXxV_802,	GEMM,	1,	64,	1,	1,	64,	1,	1,	1,	32,	
Attn_Concat_map_803,	GEMM,	1,	1,	1,	1,	512,	512,	1,	1,	32,	
Attn_Xmap_804,	GEMM,	1,	1,	1,	1,	512,	64,	1,	1,	32,	
Attn_Kmap_805,	GEMM,	1,	1,	1,	1,	512,	64,	1,	1,	32,	
Attn_Qmap_806,	GEMM,	1,	1,	1,	1,	512,	64,	1,	1,	32,	
Attn_QxK'_807,	GEMM,	1,	64,	1,	1,	1,	64,	1,	1,	32,	
Attn_SFMXxV_808,	GEMM,	1,	64,	1,	1,	64,	1,	1,	1,	32,	
Attn_Concat_map_809,	GEMM,	1,	1,	1,	1,	512,	512,	1,	1,	32,	
Attn_Xmap_810,	GEMM,	1,	1,	1,	1,	512,	64,	1,	1,	32,	
Attn_Kmap_811,	GEMM,	1,	1,	1,	1,	512,	64,	1,	1,	32,	
Attn_Qmap_812,	GEMM,	1,	1,	1,	1,	512,	64,	1,	1,	32,	
Attn_QxK'_813,	GEMM,	1,	64,	1,	1,	1,	64,	1,	1,	32,	
Attn_SFMXxV_814,	GEMM,	1,	64,	1,	1,	64,	1,	1,	1,	32,	
Attn_Concat_map_815,	GEMM,	1,	1,	1,	1,	512,	512,	1,	1,	32,	
FFN1_816,	GEMM,	1,	1,	1,	1,	512,	2048,	1,	1,	32,	
FFN2_817,	GEMM,	1,	1,	1,	1,	2048,	512,	1,	1,	32,	
Attn_Xmap_818,	GEMM,	1,	1,	1,	1,	512,	64,	1,	1,	32,	
Attn_Kmap_819,	GEMM,	1,	1,	1,	1,	512,	64,	1,	1,	32,	
Attn_Qmap_820,	GEMM,	1,	1,	1,	1,	512,	64,	1,	1,	32,	
Attn_QxK'_821,	GEMM,	1,	64,	1,	1,	1,	64,	1,	1,	32,	
Attn_SFMXxV_822,	GEMM,	1,	64,	1,	1,	64,	1,	1,	1,	32,	
Attn_Concat_map_823,	GEMM,	1,	1,	1,	1,	512,	512,	1,	1,	32,	
Attn_Xmap_824,	GEMM,	1,	1,	1,	1,	512,	64,	1,	1,	32,	
Attn_Kmap_825,	GEMM,	1,	1,	1,	1,	512,	64,	1,	1,	32,	
Attn_Qmap_826,	GEMM,	1,	1,	1,	1,	512,	64,	1,	1,	32,	
Attn_QxK'_827,	GEMM,	1,	64,	1,	1,	1,	64,	1,	1,	32,	
Attn_SFMXxV_828,	GEMM,	1,	64,	1,	1,	64,	1,	1,	1,	32,	
Attn_Concat_map_829,	GEMM,	1,	1,	1,	1,	512,	512,	1,	1,	32,	
Attn_Xmap_830,	GEMM,	1,	1,	1,	1,	512,	64,	1,	1,	32,	
Attn_Kmap_831,	GEMM,	1,	1,	1,	1,	512,	64,	1,	1,	32,	
Attn_Qmap_832,	GEMM,	1,	1,	1,	1,	512,	64,	1,	1,	32,	
Attn_QxK'_833,	GEMM,	1,	64,	1,	1,	1,	64,	1,	1,	32,	
Attn_SFMXxV_834,	GEMM,	1,	64,	1,	1,	64,	1,	1,	1,	32,	
Attn_Concat_map_835,	GEMM,	1,	1,	1,	1,	512,	512,	1,	1,	32,	
Attn_Xmap_836,	GEMM,	1,	1,	1,	1,	512,	64,	1,	1,	32,	
Attn_Kmap_837,	GEMM,	1,	1,	1,	1,	512,	64,	1,	1,	32,	
Attn_Qmap_838,	GEMM,	1,	1,	1,	1,	512,	64,	1,	1,	32,	
Attn_QxK'_839,	GEMM,	1,	64,	1,	1,	1,	64,	1,	1,	32,	
Attn_SFMXxV_840,	GEMM,	1,	64,	1,	1,	64,	1,	1,	1,	32,	
Attn_Concat_map_841,	GEMM,	1,	1,	1,	1,	512,	512,	1,	1,	32,	
Attn_Xmap_842,	GEMM,	1,	1,	1,	1,	512,	64,	1,	1,	32,	
Attn_Kmap_843,	GEMM,	1,	1,	1,	1,	512,	64,	1,	1,	32,	
Attn_Qmap_844,	GEMM,	1,	1,	1,	1,	512,	64,	1,	1,	32,	
Attn_QxK'_845,	GEMM,	1,	64,	1,	1,	1,	64,	1,	1,	32,	
Attn_SFMXxV_846,	GEMM,	1,	64,	1,	1,	64,	1,	1,	1,	32,	
Attn_Concat_map_847,	GEMM,	1,	1,	1,	1,	512,	512,	1,	1,	32,	
Attn_Xmap_848,	GEMM,	1,	1,	1,	1,	512,	64,	1,	1,	32,	
Attn_Kmap_849,	GEMM,	1,	1,	1,	1,	512,	64,	1,	1,	32,	
Attn_Qmap_850,	GEMM,	1,	1,	1,	1,	512,	64,	1,	1,	32,	
Attn_QxK'_851,	GEMM,	1,	64,	1,	1,	1,	64,	1,	1,	32,	
Attn_SFMXxV_852,	GEMM,	1,	64,	1,	1,	64,	1,	1,	1,	32,	
Attn_Concat_map_853,	GEMM,	1,	1,	1,	1,	512,	512,	1,	1,	32,	
Attn_Xmap_854,	GEMM,	1,	1,	1,	1,	512,	64,	1,	1,	32,	
Attn_Kmap_855,	GEMM,	1,	1,	1,	1,	512,	64,	1,	1,	32,	
Attn_Qmap_856,	GEMM,	1,	1,	1,	1,	512,	64,	1,	1,	32,	
Attn_QxK'_857,	GEMM,	1,	64,	1,	1,	1,	64,	1,	1,	32,	
Attn_SFMXxV_858,	GEMM,	1,	64,	1,	1,	64,	1,	1,	1,	32,	
Attn_Concat_map_859,	GEMM,	1,	1,	1,	1,	512,	512,	1,	1,	32,	
Attn_Xmap_860,	GEMM,	1,	1,	1,	1,	512,	64,	1,	1,	32,	
Attn_Kmap_861,	GEMM,	1,	1,	1,	1,	512,	64,	1,	1,	32,	
Attn_Qmap_862,	GEMM,	1,	1,	1,	1,	512,	64,	1,	1,	32,	
Attn_QxK'_863,	GEMM,	1,	64,	1,	1,	1,	64,	1,	1,	32,	
Attn_SFMXxV_864,	GEMM,	1,	64,	1,	1,	64,	1,	1,	1,	32,	
Attn_Concat_map_865,	GEMM,	1,	1,	1,	1,	512,	512,	1,	1,	32,	
Attn_Xmap_866,	GEMM,	1,	1,	1,	1,	512,	64,	1,	1,	32,	
Attn_Kmap_867,	GEMM,	1,	1,	1,	1,	512,	64,	1,	1,	32,	
Attn_Qmap_868,	GEMM,	1,	1,	1,	1,	512,	64,	1,	1,	32,	
Attn_QxK'_869,	GEMM,	1,	64,	1,	1,	1,	64,	1,	1,	32,	
Attn_SFMXxV_870,	GEMM,	1,	64,	1,	1,	64,	1,	1,	1,	32,	
Attn_Concat_map_871,	GEMM,	1,	1,	1,	1,	512,	512,	1,	1,	32,	
Attn_Xmap_872,	GEMM,	1,	1,	1,	1,	512,	64,	1,	1,	32,	
Attn_Kmap_873,	GEMM,	1,	1,	1,	1,	512,	64,	1,	1,	32,	
Attn_Qmap_874,	GEMM,	1,	1,	1,	1,	512,	64,	1,	1,	32,	
Attn_QxK'_875,	GEMM,	1,	64,	1,	1,	1,	64,	1,	1,	32,	
Attn_SFMXxV_876,	GEMM,	1,	64,	1,	1,	64,	1,	1,	1,	32,	
Attn_Concat_map_877,	GEMM,	1,	1,	1,	1,	512,	512,	1,	1,	32,	
Attn_Xmap_878,	GEMM,	1,	1,	1,	1,	512,	64,	1,	1,	32,	
Attn_Kmap_879,	GEMM,	1,	1,	1,	1,	512,	64,	1,	1,	32,	
Attn_Qmap_880,	GEMM,	1,	1,	1,	1,	512,	64,	1,	1,	32,	
Attn_QxK'_881,	GEMM,	1,	64,	1,	1,	1,	64,	1,	1,	32,	
Attn_SFMXxV_882,	GEMM,	1,	64,	1,	1,	64,	1,	1,	1,	32,	
Attn_Concat_map_883,	GEMM,	1,	1,	1,	1,	512,	512,	1,	1,	32,	
Attn_Xmap_884,	GEMM,	1,	1,	1,	1,	512,	64,	1,	1,	32,	
Attn_Kmap_885,	GEMM,	1,	1,	1,	1,	512,	64,	1,	1,	32,	
Attn_Qmap_886,	GEMM,	1,	1,	1,	1,	512,	64,	1,	1,	32,	
Attn_QxK'_887,	GEMM,	1,	64,	1,	1,	1,	64,	1,	1,	32,	
Attn_SFMXxV_888,	GEMM,	1,	64,	1,	1,	64,	1,	1,	1,	32,	
Attn_Concat_map_889,	GEMM,	1,	1,	1,	1,	512,	512,	1,	1,	32,	
Attn_Xmap_890,	GEMM,	1,	1,	1,	1,	512,	64,	1,	1,	32,	
Attn_Kmap_891,	GEMM,	1,	1,	1,	1,	512,	64,	1,	1,	32,	
Attn_Qmap_892,	GEMM,	1,	1,	1,	1,	512,	64,	1,	1,	32,	
Attn_QxK'_893,	GEMM,	1,	64,	1,	1,	1,	64,	1,	1,	32,	
Attn_SFMXxV_894,	GEMM,	1,	64,	1,	1,	64,	1,	1,	1,	32,	
Attn_Concat_map_895,	GEMM,	1,	1,	1,	1,	512,	512,	1,	1,	32,	
Attn_Xmap_896,	GEMM,	1,	1,	1,	1,	512,	64,	1,	1,	32,	
Attn_Kmap_897,	GEMM,	1,	1,	1,	1,	512,	64,	1,	1,	32,	
Attn_Qmap_898,	GEMM,	1,	1,	1,	1,	512,	64,	1,	1,	32,	
Attn_QxK'_899,	GEMM,	1,	64,	1,	1,	1,	64,	1,	1,	32,	
Attn_SFMXxV_900,	GEMM,	1,	64,	1,	1,	64,	1,	1,	1,	32,	
Attn_Concat_map_901,	GEMM,	1,	1,	1,	1,	512,	512,	1,	1,	32,	
Attn_Xmap_902,	GEMM,	1,	1,	1,	1,	512,	64,	1,	1,	32,	
Attn_Kmap_903,	GEMM,	1,	1,	1,	1,	512,	64,	1,	1,	32,	
Attn_Qmap_904,	GEMM,	1,	1,	1,	1,	512,	64,	1,	1,	32,	
Attn_QxK'_905,	GEMM,	1,	64,	1,	1,	1,	64,	1,	1,	32,	
Attn_SFMXxV_906,	GEMM,	1,	64,	1,	1,	64,	1,	1,	1,	32,	
Attn_Concat_map_907,	GEMM,	1,	1,	1,	1,	512,	512,	1,	1,	32,	
Attn_Xmap_908,	GEMM,	1,	1,	1,	1,	512,	64,	1,	1,	32,	
Attn_Kmap_909,	GEMM,	1,	1,	1,	1,	512,	64,	1,	1,	32,	
Attn_Qmap_910,	GEMM,	1,	1,	1,	1,	512,	64,	1,	1,	32,	
Attn_QxK'_911,	GEMM,	1,	64,	1,	1,	1,	64,	1,	1,	32,	
Attn_SFMXxV_912,	GEMM,	1,	64,	1,	1,	64,	1,	1,	1,	32,	
Attn_Concat_map_913,	GEMM,	1,	1,	1,	1,	512,	512,	1,	1,	32,	
FFN1_914,	GEMM,	1,	1,	1,	1,	512,	2048,	1,	1,	32,	
FFN2_915,	GEMM,	1,	1,	1,	1,	2048,	512,	1,	1,	32,	
Attn_Xmap_916,	GEMM,	1,	1,	1,	1,	512,	64,	1,	1,	32,	
Attn_Kmap_917,	GEMM,	1,	1,	1,	1,	512,	64,	1,	1,	32,	
Attn_Qmap_918,	GEMM,	1,	1,	1,	1,	512,	64,	1,	1,	32,	
Attn_QxK'_919,	GEMM,	1,	64,	1,	1,	1,	64,	1,	1,	32,	
Attn_SFMXxV_920,	GEMM,	1,	64,	1,	1,	64,	1,	1,	1,	32,	
Attn_Concat_map_921,	GEMM,	1,	1,	1,	1,	512,	512,	1,	1,	32,	
Attn_Xmap_922,	GEMM,	1,	1,	1,	1,	512,	64,	1,	1,	32,	
Attn_Kmap_923,	GEMM,	1,	1,	1,	1,	512,	64,	1,	1,	32,	
Attn_Qmap_924,	GEMM,	1,	1,	1,	1,	512,	64,	1,	1,	32,	
Attn_QxK'_925,	GEMM,	1,	64,	1,	1,	1,	64,	1,	1,	32,	
Attn_SFMXxV_926,	GEMM,	1,	64,	1,	1,	64,	1,	1,	1,	32,	
Attn_Concat_map_927,	GEMM,	1,	1,	1,	1,	512,	512,	1,	1,	32,	
Attn_Xmap_928,	GEMM,	1,	1,	1,	1,	512,	64,	1,	1,	32,	
Attn_Kmap_929,	GEMM,	1,	1,	1,	1,	512,	64,	1,	1,	32,	
Attn_Qmap_930,	GEMM,	1,	1,	1,	1,	512,	64,	1,	1,	32,	
Attn_QxK'_931,	GEMM,	1,	64,	1,	1,	1,	64,	1,	1,	32,	
Attn_SFMXxV_932,	GEMM,	1,	64,	1,	1,	64,	1,	1,	1,	32,	
Attn_Concat_map_933,	GEMM,	1,	1,	1,	1,	512,	512,	1,	1,	32,	
Attn_Xmap_934,	GEMM,	1,	1,	1,	1,	512,	64,	1,	1,	32,	
Attn_Kmap_935,	GEMM,	1,	1,	1,	1,	512,	64,	1,	1,	32,	
Attn_Qmap_936,	GEMM,	1,	1,	1,	1,	512,	64,	1,	1,	32,	
Attn_QxK'_937,	GEMM,	1,	64,	1,	1,	1,	64,	1,	1,	32,	
Attn_SFMXxV_938,	GEMM,	1,	64,	1,	1,	64,	1,	1,	1,	32,	
Attn_Concat_map_939,	GEMM,	1,	1,	1,	1,	512,	512,	1,	1,	32,	
Attn_Xmap_940,	GEMM,	1,	1,	1,	1,	512,	64,	1,	1,	32,	
Attn_Kmap_941,	GEMM,	1,	1,	1,	1,	512,	64,	1,	1,	32,	
Attn_Qmap_942,	GEMM,	1,	1,	1,	1,	512,	64,	1,	1,	32,	
Attn_QxK'_943,	GEMM,	1,	64,	1,	1,	1,	64,	1,	1,	32,	
Attn_SFMXxV_944,	GEMM,	1,	64,	1,	1,	64,	1,	1,	1,	32,	
Attn_Concat_map_945,	GEMM,	1,	1,	1,	1,	512,	512,	1,	1,	32,	
Attn_Xmap_946,	GEMM,	1,	1,	1,	1,	512,	64,	1,	1,	32,	
Attn_Kmap_947,	GEMM,	1,	1,	1,	1,	512,	64,	1,	1,	32,	
Attn_Qmap_948,	GEMM,	1,	1,	1,	1,	512,	64,	1,	1,	32,	
Attn_QxK'_949,	GEMM,	1,	64,	1,	1,	1,	64,	1,	1,	32,	
Attn_SFMXxV_950,	GEMM,	1,	64,	1,	1,	64,	1,	1,	1,	32,	
Attn_Concat_map_951,	GEMM,	1,	1,	1,	1,	512,	512,	1,	1,	32,	
Attn_Xmap_952,	GEMM,	1,	1,	1,	1,	512,	64,	1,	1,	32,	
Attn_Kmap_953,	GEMM,	1,	1,	1,	1,	512,	64,	1,	1,	32,	
Attn_Qmap_954,	GEMM,	1,	1,	1,	1,	512,	64,	1,	1,	32,	
Attn_QxK'_955,	GEMM,	1,	64,	1,	1,	1,	64,	1,	1,	32,	
Attn_SFMXxV_956,	GEMM,	1,	64,	1,	1,	64,	1,	1,	1,	32,	
Attn_Concat_map_957,	GEMM,	1,	1,	1,	1,	512,	512,	1,	1,	32,	
Attn_Xmap_958,	GEMM,	1,	1,	1,	1,	512,	64,	1,	1,	32,	
Attn_Kmap_959,	GEMM,	1,	1,	1,	1,	512,	64,	1,	1,	32,	
Attn_Qmap_960,	GEMM,	1,	1,	1,	1,	512,	64,	1,	1,	32,	
Attn_QxK'_961,	GEMM,	1,	64,	1,	1,	1,	64,	1,	1,	32,	
Attn_SFMXxV_962,	GEMM,	1,	64,	1,	1,	64,	1,	1,	1,	32,	
Attn_Concat_map_963,	GEMM,	1,	1,	1,	1,	512,	512,	1,	1,	32,	
Attn_Xmap_964,	GEMM,	1,	1,	1,	1,	512,	64,	1,	1,	32,	
Attn_Kmap_965,	GEMM,	1,	1,	1,	1,	512,	64,	1,	1,	32,	
Attn_Qmap_966,	GEMM,	1,	1,	1,	1,	512,	64,	1,	1,	32,	
Attn_QxK'_967,	GEMM,	1,	64,	1,	1,	1,	64,	1,	1,	32,	
Attn_SFMXxV_968,	GEMM,	1,	64,	1,	1,	64,	1,	1,	1,	32,	
Attn_Concat_map_969,	GEMM,	1,	1,	1,	1,	512,	512,	1,	1,	32,	
Attn_Xmap_970,	GEMM,	1,	1,	1,	1,	512,	64,	1,	1,	32,	
Attn_Kmap_971,	GEMM,	1,	1,	1,	1,	512,	64,	1,	1,	32,	
Attn_Qmap_972,	GEMM,	1,	1,	1,	1,	512,	64,	1,	1,	32,	
Attn_QxK'_973,	GEMM,	1,	64,	1,	1,	1,	64,	1,	1,	32,	
Attn_SFMXxV_974,	GEMM,	1,	64,	1,	1,	64,	1,	1,	1,	32,	
Attn_Concat_map_975,	GEMM,	1,	1,	1,	1,	512,	512,	1,	1,	32,	
Attn_Xmap_976,	GEMM,	1,	1,	1,	1,	512,	64,	1,	1,	32,	
Attn_Kmap_977,	GEMM,	1,	1,	1,	1,	512,	64,	1,	1,	32,	
Attn_Qmap_978,	GEMM,	1,	1,	1,	1,	512,	64,	1,	1,	32,	
Attn_QxK'_979,	GEMM,	1,	64,	1,	1,	1,	64,	1,	1,	32,	
Attn_SFMXxV_980,	GEMM,	1,	64,	1,	1,	64,	1,	1,	1,	32,	
Attn_Concat_map_981,	GEMM,	1,	1,	1,	1,	512,	512,	1,	1,	32,	
Attn_Xmap_982,	GEMM,	1,	1,	1,	1,	512,	64,	1,	1,	32,	
Attn_Kmap_983,	GEMM,	1,	1,	1,	1,	512,	64,	1,	1,	32,	
Attn_Qmap_984,	GEMM,	1,	1,	1,	1,	512,	64,	1,	1,	32,	
Attn_QxK'_985,	GEMM,	1,	64,	1,	1,	1,	64,	1,	1,	32,	
Attn_SFMXxV_986,	GEMM,	1,	64,	1,	1,	64,	1,	1,	1,	32,	
Attn_Concat_map_987,	GEMM,	1,	1,	1,	1,	512,	512,	1,	1,	32,	
Attn_Xmap_988,	GEMM,	1,	1,	1,	1,	512,	64,	1,	1,	32,	
Attn_Kmap_989,	GEMM,	1,	1,	1,	1,	512,	64,	1,	1,	32,	
Attn_Qmap_990,	GEMM,	1,	1,	1,	1,	512,	64,	1,	1,	32,	
Attn_QxK'_991,	GEMM,	1,	64,	1,	1,	1,	64,	1,	1,	32,	
Attn_SFMXxV_992,	GEMM,	1,	64,	1,	1,	64,	1,	1,	1,	32,	
Attn_Concat_map_993,	GEMM,	1,	1,	1,	1,	512,	512,	1,	1,	32,	
Attn_Xmap_994,	GEMM,	1,	1,	1,	1,	512,	64,	1,	1,	32,	
Attn_Kmap_995,	GEMM,	1,	1,	1,	1,	512,	64,	1,	1,	32,	
Attn_Qmap_996,	GEMM,	1,	1,	1,	1,	512,	64,	1,	1,	32,	
Attn_QxK'_997,	GEMM,	1,	64,	1,	1,	1,	64,	1,	1,	32,	
Attn_SFMXxV_998,	GEMM,	1,	64,	1,	1,	64,	1,	1,	1,	32,	
Attn_Concat_map_999,	GEMM,	1,	1,	1,	1,	512,	512,	1,	1,	32,	
Attn_Xmap_1000,	GEMM,	1,	1,	1,	1,	512,	64,	1,	1,	32,	
Attn_Kmap_1001,	GEMM,	1,	1,	1,	1,	512,	64,	1,	1,	32,	
Attn_Qmap_1002,	GEMM,	1,	1,	1,	1,	512,	64,	1,	1,	32,	
Attn_QxK'_1003,	GEMM,	1,	64,	1,	1,	1,	64,	1,	1,	32,	
Attn_SFMXxV_1004,	GEMM,	1,	64,	1,	1,	64,	1,	1,	1,	32,	
Attn_Concat_map_1005,	GEMM,	1,	1,	1,	1,	512,	512,	1,	1,	32,	
Attn_Xmap_1006,	GEMM,	1,	1,	1,	1,	512,	64,	1,	1,	32,	
Attn_Kmap_1007,	GEMM,	1,	1,	1,	1,	512,	64,	1,	1,	32,	
Attn_Qmap_1008,	GEMM,	1,	1,	1,	1,	512,	64,	1,	1,	32,	
Attn_QxK'_1009,	GEMM,	1,	64,	1,	1,	1,	64,	1,	1,	32,	
Attn_SFMXxV_1010,	GEMM,	1,	64,	1,	1,	64,	1,	1,	1,	32,	
Attn_Concat_map_1011,	GEMM,	1,	1,	1,	1,	512,	512,	1,	1,	32,	
FFN1_1012,	GEMM,	1,	1,	1,	1,	512,	2048,	1,	1,	32,	
FFN2_1013,	GEMM,	1,	1,	1,	1,	2048,	512,	1,	1,	32,	
Attn_Xmap_1014,	GEMM,	1,	1,	1,	1,	512,	64,	1,	1,	32,	
Attn_Kmap_1015,	GEMM,	1,	1,	1,	1,	512,	64,	1,	1,	32,	
Attn_Qmap_1016,	GEMM,	1,	1,	1,	1,	512,	64,	1,	1,	32,	
Attn_QxK'_1017,	GEMM,	1,	64,	1,	1,	1,	64,	1,	1,	32,	
Attn_SFMXxV_1018,	GEMM,	1,	64,	1,	1,	64,	1,	1,	1,	32,	
Attn_Concat_map_1019,	GEMM,	1,	1,	1,	1,	512,	512,	1,	1,	32,	
Attn_Xmap_1020,	GEMM,	1,	1,	1,	1,	512,	64,	1,	1,	32,	
Attn_Kmap_1021,	GEMM,	1,	1,	1,	1,	512,	64,	1,	1,	32,	
Attn_Qmap_1022,	GEMM,	1,	1,	1,	1,	512,	64,	1,	1,	32,	
Attn_QxK'_1023,	GEMM,	1,	64,	1,	1,	1,	64,	1,	1,	32,	
Attn_SFMXxV_1024,	GEMM,	1,	64,	1,	1,	64,	1,	1,	1,	32,	
Attn_Concat_map_1025,	GEMM,	1,	1,	1,	1,	512,	512,	1,	1,	32,	
Attn_Xmap_1026,	GEMM,	1,	1,	1,	1,	512,	64,	1,	1,	32,	
Attn_Kmap_1027,	GEMM,	1,	1,	1,	1,	512,	64,	1,	1,	32,	
Attn_Qmap_1028,	GEMM,	1,	1,	1,	1,	512,	64,	1,	1,	32,	
Attn_QxK'_1029,	GEMM,	1,	64,	1,	1,	1,	64,	1,	1,	32,	
Attn_SFMXxV_1030,	GEMM,	1,	64,	1,	1,	64,	1,	1,	1,	32,	
Attn_Concat_map_1031,	GEMM,	1,	1,	1,	1,	512,	512,	1,	1,	32,	
Attn_Xmap_1032,	GEMM,	1,	1,	1,	1,	512,	64,	1,	1,	32,	
Attn_Kmap_1033,	GEMM,	1,	1,	1,	1,	512,	64,	1,	1,	32,	
Attn_Qmap_1034,	GEMM,	1,	1,	1,	1,	512,	64,	1,	1,	32,	
Attn_QxK'_1035,	GEMM,	1,	64,	1,	1,	1,	64,	1,	1,	32,	
Attn_SFMXxV_1036,	GEMM,	1,	64,	1,	1,	64,	1,	1,	1,	32,	
Attn_Concat_map_1037,	GEMM,	1,	1,	1,	1,	512,	512,	1,	1,	32,	
Attn_Xmap_1038,	GEMM,	1,	1,	1,	1,	512,	64,	1,	1,	32,	
Attn_Kmap_1039,	GEMM,	1,	1,	1,	1,	512,	64,	1,	1,	32,	
Attn_Qmap_1040,	GEMM,	1,	1,	1,	1,	512,	64,	1,	1,	32,	
Attn_QxK'_1041,	GEMM,	1,	64,	1,	1,	1,	64,	1,	1,	32,	
Attn_SFMXxV_1042,	GEMM,	1,	64,	1,	1,	64,	1,	1,	1,	32,	
Attn_Concat_map_1043,	GEMM,	1,	1,	1,	1,	512,	512,	1,	1,	32,	
Attn_Xmap_1044,	GEMM,	1,	1,	1,	1,	512,	64,	1,	1,	32,	
Attn_Kmap_1045,	GEMM,	1,	1,	1,	1,	512,	64,	1,	1,	32,	
Attn_Qmap_1046,	GEMM,	1,	1,	1,	1,	512,	64,	1,	1,	32,	
Attn_QxK'_1047,	GEMM,	1,	64,	1,	1,	1,	64,	1,	1,	32,	
Attn_SFMXxV_1048,	GEMM,	1,	64,	1,	1,	64,	1,	1,	1,	32,	
Attn_Concat_map_1049,	GEMM,	1,	1,	1,	1,	512,	512,	1,	1,	32,	
Attn_Xmap_1050,	GEMM,	1,	1,	1,	1,	512,	64,	1,	1,	32,	
Attn_Kmap_1051,	GEMM,	1,	1,	1,	1,	512,	64,	1,	1,	32,	
Attn_Qmap_1052,	GEMM,	1,	1,	1,	1,	512,	64,	1,	1,	32,	
Attn_QxK'_1053,	GEMM,	1,	64,	1,	1,	1,	64,	1,	1,	32,	
Attn_SFMXxV_1054,	GEMM,	1,	64,	1,	1,	64,	1,	1,	1,	32,	
Attn_Concat_map_1055,	GEMM,	1,	1,	1,	1,	512,	512,	1,	1,	32,	
Attn_Xmap_1056,	GEMM,	1,	1,	1,	1,	512,	64,	1,	1,	32,	
Attn_Kmap_1057,	GEMM,	1,	1,	1,	1,	512,	64,	1,	1,	32,	
Attn_Qmap_1058,	GEMM,	1,	1,	1,	1,	512,	64,	1,	1,	32,	
Attn_QxK'_1059,	GEMM,	1,	64,	1,	1,	1,	64,	1,	1,	32,	
Attn_SFMXxV_1060,	GEMM,	1,	64,	1,	1,	64,	1,	1,	1,	32,	
Attn_Concat_map_1061,	GEMM,	1,	1,	1,	1,	512,	512,	1,	1,	32,	
Attn_Xmap_1062,	GEMM,	1,	1,	1,	1,	512,	64,	1,	1,	32,	
Attn_Kmap_1063,	GEMM,	1,	1,	1,	1,	512,	64,	1,	1,	32,	
Attn_Qmap_1064,	GEMM,	1,	1,	1,	1,	512,	64,	1,	1,	32,	
Attn_QxK'_1065,	GEMM,	1,	64,	1,	1,	1,	64,	1,	1,	32,	
Attn_SFMXxV_1066,	GEMM,	1,	64,	1,	1,	64,	1,	1,	1,	32,	
Attn_Concat_map_1067,	GEMM,	1,	1,	1,	1,	512,	512,	1,	1,	32,	
Attn_Xmap_1068,	GEMM,	1,	1,	1,	1,	512,	64,	1,	1,	32,	
Attn_Kmap_1069,	GEMM,	1,	1,	1,	1,	512,	64,	1,	1,	32,	
Attn_Qmap_1070,	GEMM,	1,	1,	1,	1,	512,	64,	1,	1,	32,	
Attn_QxK'_1071,	GEMM,	1,	64,	1,	1,	1,	64,	1,	1,	32,	
Attn_SFMXxV_1072,	GEMM,	1,	64,	1,	1,	64,	1,	1,	1,	32,	
Attn_Concat_map_1073,	GEMM,	1,	1,	1,	1,	512,	512,	1,	1,	32,	
Attn_Xmap_1074,	GEMM,	1,	1,	1,	1,	512,	64,	1,	1,	32,	
Attn_Kmap_1075,	GEMM,	1,	1,	1,	1,	512,	64,	1,	1,	32,	
Attn_Qmap_1076,	GEMM,	1,	1,	1,	1,	512,	64,	1,	1,	32,	
Attn_QxK'_1077,	GEMM,	1,	64,	1,	1,	1,	64,	1,	1,	32,	
Attn_SFMXxV_1078,	GEMM,	1,	64,	1,	1,	64,	1,	1,	1,	32,	
Attn_Concat_map_1079,	GEMM,	1,	1,	1,	1,	512,	512,	1,	1,	32,	
Attn_Xmap_1080,	GEMM,	1,	1,	1,	1,	512,	64,	1,	1,	32,	
Attn_Kmap_1081,	GEMM,	1,	1,	1,	1,	512,	64,	1,	1,	32,	
Attn_Qmap_1082,	GEMM,	1,	1,	1,	1,	512,	64,	1,	1,	32,	
Attn_QxK'_1083,	GEMM,	1,	64,	1,	1,	1,	64,	1,	1,	32,	
Attn_SFMXxV_1084,	GEMM,	1,	64,	1,	1,	64,	1,	1,	1,	32,	
Attn_Concat_map_1085,	GEMM,	1,	1,	1,	1,	512,	512,	1,	1,	32,	
Attn_Xmap_1086,	GEMM,	1,	1,	1,	1,	512,	64,	1,	1,	32,	
Attn_Kmap_1087,	GEMM,	1,	1,	1,	1,	512,	64,	1,	1,	32,	
Attn_Qmap_1088,	GEMM,	1,	1,	1,	1,	512,	64,	1,	1,	32,	
Attn_QxK'_1089,	GEMM,	1,	64,	1,	1,	1,	64,	1,	1,	32,	
Attn_SFMXxV_1090,	GEMM,	1,	64,	1,	1,	64,	1,	1,	1,	32,	
Attn_Concat_map_1091,	GEMM,	1,	1,	1,	1,	512,	512,	1,	1,	32,	
Attn_Xmap_1092,	GEMM,	1,	1,	1,	1,	512,	64,	1,	1,	32,	
Attn_Kmap_1093,	GEMM,	1,	1,	1,	1,	512,	64,	1,	1,	32,	
Attn_Qmap_1094,	GEMM,	1,	1,	1,	1,	512,	64,	1,	1,	32,	
Attn_QxK'_1095,	GEMM,	1,	64,	1,	1,	1,	64,	1,	1,	32,	
Attn_SFMXxV_1096,	GEMM,	1,	64,	1,	1,	64,	1,	1,	1,	32,	
Attn_Concat_map_1097,	GEMM,	1,	1,	1,	1,	512,	512,	1,	1,	32,	
Attn_Xmap_1098,	GEMM,	1,	1,	1,	1,	512,	64,	1,	1,	32,	
Attn_Kmap_1099,	GEMM,	1,	1,	1,	1,	512,	64,	1,	1,	32,	
Attn_Qmap_1100,	GEMM,	1,	1,	1,	1,	512,	64,	1,	1,	32,	
Attn_QxK'_1101,	GEMM,	1,	64,	1,	1,	1,	64,	1,	1,	32,	
Attn_SFMXxV_1102,	GEMM,	1,	64,	1,	1,	64,	1,	1,	1,	32,	
Attn_Concat_map_1103,	GEMM,	1,	1,	1,	1,	512,	512,	1,	1,	32,	
Attn_Xmap_1104,	GEMM,	1,	1,	1,	1,	512,	64,	1,	1,	32,	
Attn_Kmap_1105,	GEMM,	1,	1,	1,	1,	512,	64,	1,	1,	32,	
Attn_Qmap_1106,	GEMM,	1,	1,	1,	1,	512,	64,	1,	1,	32,	
Attn_QxK'_1107,	GEMM,	1,	64,	1,	1,	1,	64,	1,	1,	32,	
Attn_SFMXxV_1108,	GEMM,	1,	64,	1,	1,	64,	1,	1,	1,	32,	
Attn_Concat_map_1109,	GEMM,	1,	1,	1,	1,	512,	512,	1,	1,	32,	
FFN1_1110,	GEMM,	1,	1,	1,	1,	512,	2048,	1,	1,	32,	
FFN2_1111,	GEMM,	1,	1,	1,	1,	2048,	512,	1,	1,	32,	
Attn_Concat_map_1112,	GEMM,	1,	1,	1,	1,	512,	512,	1,	1,	32,	





